timestep,z_0,innovation_0,S_0_0
34,0.0183121,0.0178547,0.043224
128,-0.0338291,-0.053281,0.00595028
204,-0.0105884,0.0110996,0.00515287
297,-0.111319,-0.0928515,0.00521856
359,0.0161493,0.0778265,0.00496989
435,-0.0182215,0.00997587,0.00498117
498,-0.0105997,0.0118609,0.00483162
552,0.0420526,0.0511762,0.00464954
636,0.00822016,0.0190384,0.00470152
672,0.0549428,0.0555517,0.00440866
744,-0.0509595,-0.0835349,0.00449772
776,-0.0100163,-0.00532968,0.00421213
876,-0.0779978,-0.0750519,0.00452514
941,-0.0103968,0.0178264,0.00453346
1003,0.0111815,0.0338852,0.00431927
1029,-0.0324885,-0.0224631,0.00410324
1089,0.0662733,0.0932834,0.00415251
1184,-0.0373134,-0.0346224,0.00440198
1258,0.0729152,0.0655225,0.00433167
1307,-0.011034,-0.0520971,0.00418937
1353,0.0597048,0.0280738,0.00406872
1379,0.00725846,-0.0331779,0.00395378
1435,-0.0487886,-0.0780598,0.00402569
1524,0.0515918,0.0347275,0.00424514
1567,0.0981254,0.05898,0.00411791
1605,-0.0250651,-0.0808165,0.00401374
1646,0.107632,0.0683665,0.00395087
1695,-0.0789633,-0.150095,0.00396946
1795,0.0354341,0.00113563,0.00419064
1837,-0.0562634,-0.0855312,0.00407637
1934,0.0683351,0.0637849,0.00426817
1968,0.0435993,0.0195952,0.00409763
2057,0.0442097,-0.00643802,0.00427872
2141,0.0288585,-0.0294866,0.00431053
2224,-0.0180534,-0.0624022,0.00429646
2313,0.0273798,0.0150241,0.00436085
2399,-0.0359829,-0.0613363,0.00438369
2450,0.039824,0.0326312,0.00418772
2527,0.00494342,-0.00718455,0.00419419
2557,-0.026918,-0.0384991,0.00400334
2656,0.016389,0.0123267,0.00423219
2704,0.065423,0.056571,0.00411608
2797,-0.0271913,-0.0444266,0.00420316
2881,0.0520993,0.0479946,0.00427326
2966,-0.021825,-0.0442231,0.00432999
3034,0.0203772,-0.0376775,0.00416978
3115,0.239876,0.00905911,0.00415111
3182,0.400131,0.0325144,0.00421359
3264,0.578963,0.0332635,0.00418166
3314,0.63882,-0.0154522,0.0040738
3369,0.683118,-0.0791782,0.00409941
3423,0.916818,0.0518835,0.00399048
3497,0.999315,-0.027366,0.0040991
3572,1.05997,-0.101735,0.00412814
3671,1.26763,-0.0713836,0.0042285
3704,1.42237,0.031548,0.00402888
3743,1.39658,-0.0793392,0.00398129
3825,1.49374,-0.0484776,0.00416721
3909,1.54152,0.00981569,0.00421147
3943,1.55922,0.00841407,0.00399195
4003,1.57456,0.0236777,0.00407614
4063,1.56002,-0.000652476,0.00407233
4159,1.56858,0.0178466,0.00426394
4231,1.45771,-0.104437,0.00421351
4287,1.58442,0.036775,0.00413493
4380,1.6378,0.084528,0.0042476
4439,1.51349,-0.0845988,0.00408206
4474,1.50041,-0.0760679,0.00398628
4502,1.60409,0.0456314,0.00389399
4557,1.49494,-0.0729999,0.00391823
4623,1.6633,0.121823,0.00401168
4699,1.58981,0.017723,0.00417305
4772,1.57569,-0.00527495,0.00414679
4863,1.60989,0.0306245,0.00424574
4895,1.55935,-0.0302299,0.00405514
4966,1.58686,-0.00489954,0.00412651
5033,1.57317,-0.0102146,0.00412039
5133,1.5614,-0.00714536,0.00428904
5231,1.61788,0.0402352,0.00438377
5258,1.49896,-0.0931649,0.00407037
5332,1.63378,-0.0367798,0.00414416
5412,1.77856,-0.0476584,0.00421586
5480,1.85772,-0.0914151,0.00419073
5526,1.98154,-0.0343833,0.00410239
5604,2.22277,0.0634978,0.00413728
5681,2.44637,0.102884,0.00416824
5777,2.59527,0.0305478,0.00434243
5863,2.73107,-0.0162223,0.00432585
5918,2.76327,-0.0876938,0.00415725
5954,2.89376,-0.00526641,0.00402936
5990,2.98571,0.0148828,0.00395956
6052,3.17509,0.0629395,0.00398298
6125,3.21928,0.0535965,0.00413409
6170,3.16029,-0.0213974,0.00402634
6214,3.12379,-0.0553517,0.0040009
6256,3.01234,-0.141234,0.0039446
6297,3.26222,0.141574,0.00391262
6334,3.01928,-0.134456,0.00386432
6405,3.14589,0.0266497,0.00400065
6486,3.09115,-0.0279421,0.0040952
6583,3.1751,0.0539282,0.00428371
6634,3.09522,-0.0345227,0.00410252
6690,3.16642,0.0466232,0.00410769
6765,3.1339,-0.00660338,0.00417223
6835,3.18835,0.0502732,0.00415015
6870,3.12354,-0.0208228,0.00398951
6963,3.15106,0.0120145,0.00418079
7052,3.1246,-0.0346909,0.00424906
7101,3.18457,0.0361139,0.0041462
7154,3.13094,-0.0308307,0.00408099
7196,3.19894,0.0421391,0.00399473
7241,3.09594,-0.0722363,0.0039871
7325,3.08397,-0.0760981,0.00410454
7401,3.1538,0.0206605,0.00417093
7432,3.12808,-0.014042,0.00396701
7513,3.11198,-0.0222285,0.00414019
7568,3.04665,-0.0786192,0.00406976
7596,3.08747,-0.016278,0.00393772
7623,3.0887,-0.00844773,0.00382627
7692,3.11144,0.0159803,0.00397262
7768,3.14534,0.0507033,0.00410425
7812,3.15599,0.0604614,0.00400947
7846,3.10055,-0.0228403,0.00391422
7938,3.18588,0.0739065,0.0041495
7992,3.12473,0.00117018,0.00404306
8027,3.06844,-0.0546715,0.00396022
8073,3.16479,0.0471538,0.00391159
8114,3.12336,-0.00286595,0.00391639
8159,3.08887,-0.0350395,0.00391595
8221,3.18496,0.070209,0.0040096
8318,3.16685,0.0339362,0.00419286
8362,3.18425,0.0383981,0.00404195
8436,3.18197,0.0344175,0.00411759
8469,3.08874,-0.0578413,0.00396128
8508,3.1065,-0.027149,0.0039348
8598,3.16928,0.0377643,0.0040982
8627,3.06671,-0.0769261,0.00395816
8706,3.13291,0.00718557,0.00410765
8789,3.11598,-0.0117907,0.0042044
8867,3.10059,-0.0238782,0.00424552
8934,3.08455,-0.0443841,0.00418962
9005,3.15113,0.0345532,0.00418318
9094,3.31743,0.135476,0.00424908
9187,3.40382,0.000673155,0.00434658
9254,3.44219,-0.092358,0.00423831
9342,3.57396,-0.100609,0.00427867
9385,3.64939,-0.0806662,0.00412683
9447,3.87673,0.047519,0.00412516
9509,4.00489,0.0388932,0.00409901
9599,4.09957,-0.0538386,0.00424687
9674,4.27588,-0.0236085,0.00422468
9718,4.42972,0.055728,0.00405448
9751,4.47983,0.0273453,0.00395522
9801,4.7018,0.140702,0.00398948
9895,-1.49259,0.0883099,0.00419049
9981,-1.67107,-0.106387,0.00421798
10043,-1.60229,-0.00105771,0.00413344
10120,-1.53531,0.0597595,0.00416726
10178,-1.54013,0.0424381,0.00412544
10211,-1.47685,0.0931046,0.00399374
10237,-1.54842,0.00227087,0.00385633
10275,-1.58792,-0.0447257,0.00383112
10374,-1.5804,-0.00875856,0.00410924
10474,-1.52066,0.0477702,0.00427974
10524,-1.54645,0.00449814,0.00412373
10624,-1.54572,0.0118922,0.00430635
10704,-1.4843,0.0679507,0.00425721
10784,-1.47201,0.0564078,0.00431598
10864,-1.5297,-0.0270067,0.00425862
10945,-1.60924,-0.0984076,0.00430207
10997,-1.59947,-0.0635238,0.00416176
11056,-1.55404,-0.00735247,0.0041186
11084,-1.5777,-0.0291773,0.00396325
11179,-1.58706,-0.0267083,0.00415151
11262,-1.56992,-0.0129303,0.00423309
11318,-1.58969,-0.0264574,0.00412484
11398,4.83035,0.0329929,0.00424604
11460,4.86509,-0.0634584,0.00413355
11559,5.16279,0.0536827,0.00429496
11654,5.35903,0.0427849,0.00430494
11690,5.36646,-0.0346103,0.00410155
11723,5.41024,-0.054313,0.00393977
11799,5.60205,0.00139721,0.00406571
11827,5.71895,0.0643362,0.00393448
11919,5.83901,-0.00377444,0.00409803
11957,5.9362,0.0187057,0.0039823
12015,6.09997,0.0620441,0.00400323
12074,6.19773,0.0241347,0.00406485
12104,6.18999,-0.0478037,0.00389965
12165,-0.0629176,-0.0917725,0.00396492
12255,0.0338647,0.0144955,0.00411519
12303,-0.0602816,-0.08231,0.00406814
12348,-0.0610425,-0.0591026,0.00397322
12418,0.0512216,0.0621681,0.00405917
12448,-0.0817052,-0.0874429,0.00394147
12524,0.0183039,0.0269909,0.00409449
12593,-0.229252,-0.224563,0.0041307
12666,0.084725,0.144168,0.00416216
12710,-0.0130774,0.0153198,0.00403012
12807,0.0241503,0.0424431,0.00424922
12880,-0.0188657,-0.00535133,0.00419436
12955,0.0850706,0.111634,0.00422091
13046,-0.0589692,-0.0744853,0.00427626
13111,0.00361156,-0.00636228,0.00419103
13158,-0.014843,-0.0259001,0.00406259
13200,-0.0273462,-0.0306863,0.00400716
13271,-0.0479533,-0.0408288,0.00410414
13326,-0.0155994,0.00462177,0.00406765
13399,-0.00527742,0.00505779,0.00413059
13455,-0.044846,-0.0419907,0.00406332
13531,-0.0362463,-0.0205593,0.00416213
13596,-0.0510357,-0.0313272,0.00412811
13629,0.0269987,0.0552302,0.00399476
13721,-0.03573,-0.0196423,0.00421012
13750,-0.0975591,-0.0831723,0.00398178
13794,-0.0157321,0.0171545,0.00397221
13860,0.0982743,0.135775,0.0040161
13898,-0.0425813,-0.0400863,0.00395986
13970,0.0450044,0.0688638,0.00406139
14036,-0.161363,-0.15944,0.0040713
14114,-0.0416733,0.00836086,0.00413037
14175,0.0368486,0.085631,0.00414588
14262,-0.0413522,-0.0235471,0.00423591
14342,-0.0229754,0.00404255,0.00423678
14368,0.0544361,0.081964,0.00401386
14445,-0.035218,-0.0210072,0.00409408
14539,-0.051737,-0.0288642,0.00424001
14602,0.0825126,0.115103,0.00418485
14653,0.0423153,0.0406656,0.00408054
14704,0.0745715,0.0605736,0.00404979
14756,0.017644,-0.0137963,0.00402423
14853,0.00932855,-0.00557507,0.00419148
14952,-0.055652,-0.0650911,0.00431291
14990,-0.00463392,0.00427853,0.00411593
15047,-0.0386655,-0.0277471,0.0040661
15105,0.116109,0.134287,0.00404073
15185,0.118889,0.000551387,0.00413008
15214,0.0841114,-0.0910997,0.00397443
15242,0.292551,0.0794263,0.00384995
15302,0.193708,-0.1661,0.00395046
15355,0.438125,0.0127102,0.00395693
15409,0.525191,-0.011272,0.00401098
15486,0.645979,-0.0472578,0.00411701
15532,0.801036,0.0299098,0.00398775
15589,0.88402,-0.0182454,0.00402412
15617,0.954538,-0.000252119,0.00391122
15694,1.19299,0.0791947,0.00404794
15729,1.14069,-0.0659151,0.00396168
15795,1.30308,-0.0122443,0.00404457
15871,1.39441,-0.0735874,0.00408106
15941,1.56239,-0.0155181,0.00412524
15979,1.50433,-0.0703498,0.00399678
16017,1.67103,0.114417,0.00392037
16116,1.53418,-0.0576721,0.00414815
16185,1.58442,0.0188183,0.00416236
16276,1.56941,-0.00387097,0.00423921
16351,1.47677,-0.106976,0.00421386
16435,1.62491,0.0755313,0.0042759
16508,1.5456,-0.0359441,0.00422053
16578,1.50396,-0.0692617,0.00424172
16633,1.58714,0.0354553,0.00414308
16666,1.59534,0.0324174,0.00397383
16762,1.52213,-0.0531959,0.00417074
16792,1.53735,-0.0244993,0.00400117
16844,1.59113,0.043636,0.00399192
16938,1.58033,0.0256651,0.0041825
17000,1.5672,-0.0110249,0.0041191
17040,1.64699,0.0671904,0.00400427
17068,1.62689,0.031125,0.00388416
17146,1.57906,-0.0260757,0.0040681
17226,1.61086,-0.000426595,0.00415311
17320,1.51328,-0.105338,0.00427391
17364,1.63722,0.0544169,0.0040871
17402,1.59357,-0.00449716,0.00399914
17458,1.528,-0.141117,0.00400617
17484,1.74485,0.0592424,0.00386535
17528,1.75107,-0.0364001,0.00386968
17616,1.97994,0.0197494,0.00407881
17679,2.08109,-0.0232809,0.00408809
17722,2.2074,0.0311929,0.0039805
17811,2.29088,-0.0680085,0.00414908
17859,2.46913,0.0313627,0.00404883
17925,2.55455,-0.0231181,0.00412774
18025,2.81549,0.0455599,0.00425018
18114,2.96841,0.000340667,0.00428305
18182,3.03984,-0.0614776,0.00420945
18267,3.12344,-0.0216943,0.00431717
18309,3.18184,0.04427,0.00409962
18350,3.11954,-0.0298052,0.00402191
18445,3.14505,0.00668964,0.00417436
18510,3.10203,-0.0448619,0.00413872
18594,3.08703,-0.0429996,0.00423598
18656,3.15733,0.0264828,0.004122
18719,3.19332,0.0541033,0.00415183
18809,3.05069,-0.10871,0.00427968
18875,3.05229,-0.0553679,0.00421168
18933,2.99901,-0.0955914,0.0041354
18991,3.16474,0.0948997,0.004092
19023,3.17317,0.0764038,0.00393278
19061,3.16513,0.0464928,0.00388036
19141,3.02889,-0.100281,0.00405239
19184,3.09733,-0.00768274,0.00400666
19238,3.13433,0.036769,0.00398566
19321,3.14766,0.0404751,0.0041289
19387,3.12931,0.000119557,0.00413469
19480,3.19645,0.0709554,0.0042288
19531,3.09909,-0.0477904,0.00414353
19584,3.16523,0.0259496,0.00406445
19663,3.08634,-0.0645976,0.00413782
19733,3.20537,0.0706659,0.00419807
19776,3.14547,-0.00721921,0.00404541
19864,3.13226,-0.0104194,0.00417536
19919,3.11592,-0.0234719,0.00409962
19967,3.29196,0.153543,0.00403773
20017,3.18339,0.00452313,0.00400429
20057,3.15657,-0.0208,0.00396363
20096,3.16546,-0.00408573,0.00388431
20133,3.048,-0.122658,0.00387744
20209,3.07438,-0.0817406,0.00403565
20280,3.13992,-0.00374106,0.00408284
20311,3.18165,0.0410355,0.00395957
20364,3.12934,-0.0198704,0.00395779
20431,3.18874,0.0423709,0.00403126
20465,3.11229,-0.0468352,0.003947
20524,3.19034,0.0411202,0.0039972
20616,3.16766,0.00426153,0.0042066
20666,3.07538,-0.0893198,0.00408301
20738,3.11336,-0.0323235,0.00412956
20794,3.1343,-0.00735955,0.00407359
20880,3.09501,-0.0391981,0.0042123
20966,3.118,1.51778e-05,0.00428825
21009,3.07245,-0.0521594,0.00407955
21092,3.17466,0.061256,0.00414696
21134,3.20663,0.0741124,0.00405262
21190,3.12206,-0.0292188,0.00403354
21261,3.33625,0.0961977,0.00409035
21355,3.37589,-0.0777865,0.00420787
21420,3.4975,-0.0717899,0.00415085
21511,3.72116,0.000177553,0.00423638
21555,3.83413,0.02801,0.00410976
21608,3.8689,-0.059118,0.00405147
21667,4.01639,-0.0120164,0.00405225
21763,4.25119,0.0276922,0.00422437
21812,4.38851,0.0554485,0.00409278
21906,4.56016,0.0170067,0.00425034
21932,4.50212,-0.0960328,0.00398805
21961,4.59239,-0.040885,0.00389601
21994,4.67378,-0.0179315,0.00386332
22069,-1.51408,0.074601,0.00400261
22155,-1.5192,0.0433516,0.0041587
22186,-1.53286,0.0163028,0.00400017
22281,-1.61109,-0.072445,0.00415503
22341,-1.67851,-0.120849,0.00409606
22420,-1.56556,0.0237571,0.00422389
22503,-1.53471,0.0419315,0.00422196
22534,-1.62995,-0.0579683,0.0040115
22615,-1.53889,0.0503695,0.00413044
22699,-1.51497,0.0586106,0.00420096
22763,-1.57527,-0.0200126,0.00416157
22831,-1.61431,-0.0526708,0.00417293
22858,-1.64234,-0.0662188,0.00398629
22947,-1.63051,-0.0417764,0.00417488
22994,-1.57002,0.0358788,0.00405017
23053,-1.57195,0.0235349,0.00409087
23080,-1.55481,0.0356262,0.0039075
23173,-1.58503,-0.0113644,0.00412078
23272,-1.56657,0.0111418,0.00428979
23318,-1.55301,0.0094702,0.00409393
23402,-1.62457,-0.056888,0.00420644
23446,-1.629,-0.0394852,0.00406172
23487,-1.53917,0.0616095,0.00400113
23573,4.91206,0.0480223,0.00413936
23638,5.04102,0.0373573,0.00412485
23689,5.08811,-0.0436129,0.00406155
23776,5.2809,-0.0205113,0.00422386
23828,5.36535,-0.0312392,0.0041012
23925,5.66743,0.083251,0.00425056
23973,5.68654,-0.0149111,0.00411731
24069,5.79159,-0.0899894,0.00427754
24162,5.95847,-0.095358,0.00429876
24232,6.25916,0.0973772,0.0042587
24320,-0.0481962,-0.0615413,0.00430914
24389,0.0945034,0.0984945,0.00420085
24450,0.0150336,-0.00262897,0.00414434
24549,-0.0655189,-0.0707728,0.00430115
24616,-0.0251827,-0.00739123,0.00420392
24671,-0.00358403,0.0241043,0.0041107
24700,0.0792776,0.09969,0.00396396
24747,0.106914,0.10664,0.00395247
24811,-0.0153015,-0.0288496,0.00399081
24838,-0.0577391,-0.0619444,0.00388701
24877,0.0546222,0.0560064,0.00386897
24923,0.0190282,-0.00126636,0.00388465
24987,-0.0027286,-0.0188032,0.00399185
25013,0.0207486,0.00625999,0.00385204
25093,0.0318893,0.0214899,0.00402272
25123,-0.0215046,-0.0368595,0.00392098
25149,0.061683,0.0560787,0.00384124
25214,-0.0198664,-0.0271236,0.00397646
25307,0.108972,0.10906,0.00417599
25348,-0.071611,-0.104911,0.00400567
25375,0.0993471,0.0911728,0.00389547
25430,-0.0580857,-0.0853849,0.00393465
25509,0.0614298,0.0603566,0.00408382
25573,-0.0291965,-0.0342606,0.00406462
25673,-0.0431168,-0.0463722,0.00423616
25720,-0.0125794,-0.000717991,0.00412579
25817,0.0379925,0.0396523,0.0042749
25894,-0.0445623,-0.0465726,0.0042275
25975,-0.00979222,0.00701771,0.00420148
26017,0.0115464,0.0232237,0.00403709
26113,-0.00725341,-0.00164842,0.00417565
26187,-0.0831411,-0.0633002,0.00416682
26268,0.0264838,0.0655193,0.00425273
26348,-0.0616879,-0.0278691,0.00415494
26416,0.00399948,0.0460074,0.00415345
26464,0.0414863,0.0711564,0.00408816
26554,0.0246416,0.0374517,0.00418576
26642,0.0517867,0.0581666,0.00424011
26683,-0.0346861,-0.043678,0.00404745
26734,0.00369758,0.0124676,0.00401498
26772,2.53817e-05,0.00129764,0.00390675
26837,-0.0477371,-0.0451854,0.00399014
26877,0.054303,0.0662702,0.0039361
26966,-0.00367801,-0.0163401,0.00413042
27044,0.0301048,0.0474083,0.00412494
27129,-0.0345582,-0.0244345,0.00424336
27172,-0.0475175,-0.0271143,0.00401811
27246,0.120841,0.151235,0.00415333
27285,-0.0514877,-0.06614,0.00399314
27362,0.195324,0.0534002,0.00409676
27445,0.308892,-0.00949585,0.00413878
27540,0.438036,-0.0606828,0.00417259
27610,0.566643,-0.0542487,0.00417314
27686,0.729116,-0.0141662,0.00414924
27726,0.858072,0.043973,0.00401122
27767,0.889175,-0.0172094,0.00392408
27832,1.1518,0.115262,0.00402785
27923,1.25499,0.00562929,0.00420843
27974,1.35992,0.00812641,0.00408982
28029,1.59738,0.130212,0.00405579
28107,1.5473,-0.0363595,0.00409459
28173,1.61187,0.0404614,0.0041531
28253,1.4776,-0.093855,0.00421841
28322,1.48008,-0.0683742,0.0041959
28374,1.63899,0.116779,0.00404057
28463,1.65955,0.0967009,0.00418819
28489,1.58486,-0.00589481,0.00394478
28568,1.58012,0.00102253,0.00406789
28638,1.70906,0.129236,0.00411172
28709,1.60378,-0.0113682,0.00409125
28776,1.50588,-0.104511,0.00409644
28810,1.55657,-0.0270716,0.00398288
28862,1.57202,-0.00358242,0.00398166
28959,1.52083,-0.0673171,0.00413784
29016,1.62103,0.0513045,0.00412817
29081,1.60666,0.0242343,0.00412408
29181,1.67134,0.0834289,0.0042039
29244,1.59511,-0.0161643,0.00416652
29343,1.64765,0.0454298,0.00430385
29412,1.64756,0.0426119,0.00418441
29501,1.56279,-0.0548443,0.00428142
29557,1.46096,-0.136949,0.00409478
29654,1.76093,0.0284335,0.00425565
29709,1.79937,-0.0659205,0.00414443
29780,2.01571,0.0311134,0.00411316
29832,2.103,0.0136103,0.00405995
29879,2.1945,0.00949122,0.00403217
29945,2.29772,-0.018222,0.00408556
29989,2.45846,0.0591685,0.00400633
