timestep,x_smoothed_0,x_smoothed_1,P_smoothed_0_0,P_smoothed_0_1,P_smoothed_1_0,P_smoothed_1_1
0,0.0963144,1.69937,0.119682,0,0,0.119682
1,0.10053,1.78936,0.100243,0,0,0.100243
2,0.119692,1.88915,0.0898889,0,0,0.0898889
3,0.0617356,1.95798,0.0843735,0,0,0.0843735
4,0.0440756,1.95182,0.0814356,0,0,0.0814356
5,-0.0743076,1.95852,0.0798706,0,0,0.0798706
6,-0.18273,1.90059,0.079037,0,0,0.079037
7,-0.322719,1.92977,0.078593,0,0,0.078593
8,-0.516457,2.02496,0.0783565,0,0,0.0783565
9,-0.68383,2.16412,0.0782305,0,0,0.0782305
10,-0.870013,2.40876,0.0781634,0,0,0.0781634
11,-0.997312,2.60988,0.0781276,0,0,0.0781276
12,-1.13554,2.85818,0.0781086,0,0,0.0781086
13,-1.33683,3.10781,0.0780984,0,0,0.0780984
14,-1.47536,3.28143,0.078093,0,0,0.078093
15,-1.54576,3.39779,0.0780902,0,0,0.0780902
16,-1.74874,3.59458,0.0780886,0,0,0.0780886
17,-1.84887,3.78063,0.0780878,0,0,0.0780878
18,-1.877,3.95663,0.0780874,0,0,0.0780874
19,-2.03969,4.1121,0.0780871,0,0,0.0780871
20,-2.174,4.23821,0.078087,0,0,0.078087
21,-2.33776,4.40198,0.078087,0,0,0.078087
22,-2.55357,4.49713,0.0780869,0,0,0.0780869
23,-2.60372,4.54721,0.0780869,0,0,0.0780869
24,-2.55504,4.43624,0.0780869,0,0,0.0780869
25,-2.39613,4.35119,0.0780869,0,0,0.0780869
26,-2.22103,4.24829,0.0780869,0,0,0.0780869
27,-2.07685,4.18045,0.0780869,0,0,0.0780869
28,-1.99637,4.17945,0.0780869,0,0,0.0780869
29,-1.90295,4.22852,0.0780869,0,0,0.0780869
30,-1.81716,4.34987,0.0780869,0,0,0.0780869
31,-1.69863,4.44916,0.0780869,0,0,0.0780869
32,-1.65476,4.5688,0.0780869,0,0,0.0780869
33,-1.5646,4.65713,0.0780869,0,0,0.0780869
34,-1.4157,4.79283,0.0780869,0,0,0.0780869
35,-1.28348,4.935,0.0780869,0,0,0.0780869
36,-1.18145,5.06935,0.0780869,0,0,0.0780869
37,-1.12649,5.13016,0.0780869,0,0,0.0780869
38,-1.04436,5.24895,0.0780869,0,0,0.0780869
39,-1.07743,5.41623,0.0780869,0,0,0.0780869
40,-1.15316,5.5487,0.0780869,0,0,0.0780869
41,-1.23398,5.57459,0.0780869,0,0,0.0780869
42,-1.30249,5.67571,0.0780869,0,0,0.0780869
43,-1.34848,5.65597,0.0780869,0,0,0.0780869
44,-1.37466,5.59284,0.0780869,0,0,0.0780869
45,-1.51843,5.539,0.0780869,0,0,0.0780869
46,-1.55206,5.51194,0.0780869,0,0,0.0780869
47,-1.53627,5.39979,0.0780869,0,0,0.0780869
48,-1.51791,5.33456,0.0780869,0,0,0.0780869
49,-1.68121,5.29733,0.0780869,0,0,0.0780869
50,-1.83475,5.32273,0.0780869,0,0,0.0780869
51,-2.04689,5.32418,0.0780869,0,0,0.0780869
52,-2.21215,5.35037,0.0780869,0,0,0.0780869
53,-2.23754,5.28941,0.0780869,0,0,0.0780869
54,-2.18862,5.2695,0.0780869,0,0,0.0780869
55,-2.11446,5.17316,0.0780869,0,0,0.0780869
56,-1.95251,4.95481,0.0780869,0,0,0.0780869
57,-1.88224,4.80891,0.0780869,0,0,0.0780869
58,-1.80364,4.59561,0.0780869,0,0,0.0780869
59,-1.69622,4.38815,0.0780869,0,0,0.0780869
60,-1.51377,4.21167,0.0780869,0,0,0.0780869
61,-1.37903,4.15019,0.0780869,0,0,0.0780869
62,-1.2523,3.99642,0.0780869,0,0,0.0780869
63,-1.15519,3.87281,0.0780869,0,0,0.0780869
64,-1.07108,3.81064,0.0780869,0,0,0.0780869
65,-1.04632,3.67311,0.0780869,0,0,0.0780869
66,-1.04175,3.56033,0.0780869,0,0,0.0780869
67,-1.17778,3.49767,0.0780869,0,0,0.0780869
68,-1.18998,3.46009,0.0780869,0,0,0.0780869
69,-1.25587,3.34088,0.0780869,0,0,0.0780869
70,-1.35388,3.32082,0.0780869,0,0,0.0780869
71,-1.62559,3.25924,0.0780869,0,0,0.0780869
72,-1.82207,3.18195,0.0780869,0,0,0.0780869
73,-2.12819,3.18012,0.0780869,0,0,0.0780869
74,-2.4047,3.20646,0.0780869,0,0,0.0780869
75,-2.72114,3.35473,0.0780869,0,0,0.0780869
76,-2.99455,3.4551,0.0780869,0,0,0.0780869
77,-3.19685,3.53369,0.0780869,0,0,0.0780869
78,-3.37455,3.70059,0.0780869,0,0,0.0780869
79,-3.48299,3.83734,0.0780869,0,0,0.0780869
80,-3.58805,3.90268,0.0780869,0,0,0.0780869
81,-3.68112,3.94486,0.0780869,0,0,0.0780869
82,-3.6971,4.03039,0.0780869,0,0,0.0780869
83,-3.71435,4.13527,0.0780869,0,0,0.0780869
84,-3.76539,4.17824,0.0780869,0,0,0.0780869
85,-3.8579,4.22199,0.0780869,0,0,0.0780869
86,-4.0255,4.19947,0.0780869,0,0,0.0780869
87,-4.13982,4.15843,0.0780869,0,0,0.0780869
88,-4.34591,4.13476,0.0780869,0,0,0.0780869
89,-4.48458,4.08858,0.0780869,0,0,0.0780869
90,-4.54465,4.08599,0.0780869,0,0,0.0780869
91,-4.54546,4.00009,0.0780869,0,0,0.0780869
92,-4.60563,3.96071,0.0780869,0,0,0.0780869
93,-4.57935,3.89986,0.0780869,0,0,0.0780869
94,-4.66292,3.79579,0.0780869,0,0,0.0780869
95,-4.68968,3.57797,0.0780869,0,0,0.0780869
96,-4.63606,3.39711,0.0780869,0,0,0.0780869
97,-4.55738,3.23287,0.0780869,0,0,0.0780869
98,-4.52548,3.05926,0.0780869,0,0,0.0780869
99,-4.56846,2.82975,0.0780869,0,0,0.0780869
100,-4.56661,2.59685,0.0780869,0,0,0.0780869
101,-4.54833,2.34751,0.0780869,0,0,0.0780869
102,-4.50239,2.27193,0.0780869,0,0,0.0780869
103,-4.50677,2.26067,0.0780869,0,0,0.0780869
104,-4.54744,2.23482,0.0780869,0,0,0.0780869
105,-4.54827,2.1947,0.0780869,0,0,0.0780869
106,-4.59875,2.14383,0.0780869,0,0,0.0780869
107,-4.65313,2.08721,0.0780869,0,0,0.0780869
108,-4.7614,2.12288,0.0780869,0,0,0.0780869
109,-4.80385,2.15885,0.0780869,0,0,0.0780869
110,-4.87124,2.15551,0.0780869,0,0,0.0780869
111,-4.92333,2.03335,0.0780869,0,0,0.0780869
112,-4.9837,1.94711,0.0780869,0,0,0.0780869
113,-4.96157,1.86479,0.0780869,0,0,0.0780869
114,-5.03047,1.98893,0.0780869,0,0,0.0780869
115,-5.06084,2.04513,0.0780869,0,0,0.0780869
116,-4.98494,2.05368,0.0780869,0,0,0.0780869
117,-4.97439,2.04762,0.0780869,0,0,0.0780869
118,-4.8555,2.14139,0.0780869,0,0,0.0780869
119,-4.73558,2.34577,0.0780869,0,0,0.0780869
120,-4.72573,2.54549,0.0780869,0,0,0.0780869
121,-4.78184,2.65672,0.0780869,0,0,0.0780869
122,-4.84823,2.68866,0.0780869,0,0,0.0780869
123,-4.95802,2.70227,0.0780869,0,0,0.0780869
124,-5.02119,2.72865,0.0780869,0,0,0.0780869
125,-5.12985,2.78264,0.0780869,0,0,0.0780869
126,-5.2144,2.93859,0.0780869,0,0,0.0780869
127,-5.3919,3.00385,0.0780869,0,0,0.0780869
128,-5.56022,3.08932,0.0780869,0,0,0.0780869
129,-5.65435,3.21335,0.0780869,0,0,0.0780869
130,-5.81197,3.38859,0.0780869,0,0,0.0780869
131,-5.86122,3.57639,0.0780869,0,0,0.0780869
132,-5.87395,3.60019,0.0780869,0,0,0.0780869
133,-5.86271,3.6093,0.0780869,0,0,0.0780869
134,-5.85344,3.60282,0.0780869,0,0,0.0780869
135,-5.84338,3.63346,0.0780869,0,0,0.0780869
136,-5.75652,3.64508,0.0780869,0,0,0.0780869
137,-5.66544,3.68128,0.0780869,0,0,0.0780869
138,-5.65433,3.7165,0.0780869,0,0,0.0780869
139,-5.60892,3.7543,0.0780869,0,0,0.0780869
140,-5.48613,3.7021,0.0780869,0,0,0.0780869
141,-5.2869,3.68736,0.0780869,0,0,0.0780869
142,-5.11475,3.6845,0.0780869,0,0,0.0780869
143,-4.92084,3.56397,0.0780869,0,0,0.0780869
144,-4.7602,3.55955,0.0780869,0,0,0.0780869
145,-4.68996,3.56025,0.0780869,0,0,0.0780869
146,-4.57163,3.51752,0.0780869,0,0,0.0780869
147,-4.31278,3.47925,0.0780869,0,0,0.0780869
148,-3.93813,3.40434,0.0780869,0,0,0.0780869
149,-3.57309,3.27419,0.0780869,0,0,0.0780869
150,-3.37416,3.15403,0.0780869,0,0,0.0780869
151,-3.2305,3.05207,0.0780869,0,0,0.0780869
152,-3.10878,3.01216,0.0780869,0,0,0.0780869
153,-3.06783,2.8977,0.0780869,0,0,0.0780869
154,-3.09013,2.8539,0.0780869,0,0,0.0780869
155,-3.07085,2.91416,0.0780869,0,0,0.0780869
156,-3.15702,3.00734,0.0780869,0,0,0.0780869
157,-3.21751,2.99408,0.0780869,0,0,0.0780869
158,-3.27865,2.99436,0.0780869,0,0,0.0780869
159,-3.33395,2.91198,0.0780869,0,0,0.0780869
160,-3.40922,2.96836,0.0780869,0,0,0.0780869
161,-3.48678,3.04291,0.0780869,0,0,0.0780869
162,-3.62737,3.09718,0.0780869,0,0,0.0780869
163,-3.71035,3.17046,0.0780869,0,0,0.0780869
164,-3.75035,3.18581,0.0780869,0,0,0.0780869
165,-3.73824,3.25662,0.0780869,0,0,0.0780869
166,-3.73273,3.33227,0.0780869,0,0,0.0780869
167,-3.68137,3.40881,0.0780869,0,0,0.0780869
168,-3.62464,3.53262,0.0780869,0,0,0.0780869
169,-3.54102,3.6404,0.0780869,0,0,0.0780869
170,-3.60094,3.67828,0.0780869,0,0,0.0780869
171,-3.64556,3.67167,0.0780869,0,0,0.0780869
172,-3.73519,3.69749,0.0780869,0,0,0.0780869
173,-3.76757,3.69183,0.0780869,0,0,0.0780869
174,-3.9263,3.71668,0.0780869,0,0,0.0780869
175,-4.02292,3.74261,0.0780869,0,0,0.0780869
176,-4.04115,3.75484,0.0780869,0,0,0.0780869
177,-4.08585,3.84368,0.0780869,0,0,0.0780869
178,-4.19509,3.88453,0.078087,0,0,0.078087
179,-4.26789,3.90533,0.0780871,0,0,0.0780871
180,-4.24504,3.86562,0.0780872,0,0,0.0780872
181,-4.21094,3.86412,0.0780876,0,0,0.0780876
182,-4.26582,3.91652,0.0780882,0,0,0.0780882
183,-4.24305,3.9405,0.0780893,0,0,0.0780893
184,-4.17547,3.89379,0.0780914,0,0,0.0780914
185,-4.04916,3.92033,0.0780953,0,0,0.0780953
186,-3.85513,3.98884,0.0781027,0,0,0.0781027
187,-3.65172,4.04936,0.0781166,0,0,0.0781166
188,-3.48711,4.02371,0.0781427,0,0,0.0781427
189,-3.31245,3.95044,0.0781917,0,0,0.0781917
190,-3.14337,3.95269,0.0782836,0,0,0.0782836
191,-3.00907,3.96602,0.0784563,0,0,0.0784563
192,-3.02581,4.04848,0.0787803,0,0,0.0787803
193,-3.01947,4.21411,0.0793887,0,0,0.0793887
194,-2.9365,4.33447,0.0805309,0,0,0.0805309
195,-2.9217,4.42398,0.0826751,0,0,0.0826751
196,-2.91255,4.41553,0.0867005,0,0,0.0867005
197,-3.03678,4.40298,0.0942575,0,0,0.0942575
198,-3.06133,4.3155,0.108445,0,0,0.108445
199,-3.10597,4.28678,0.135078,0,0,0.135078
