timestep,z_0,z_1,innovation_0,innovation_1,S_0_0,S_0_1,S_1_0,S_1_1
133,2.83093,-0.449262,0.124538,-0.398848,0.608003,-0.000124702,-0.000124702,0.615255
397,8.28377,0.446005,0.263862,0.790113,0.3458,9.82872e-05,9.82872e-05,0.367404
627,13.5343,-0.590856,0.821114,-0.664845,0.29428,-4.85313e-05,-4.85313e-05,0.322209
809,15.5866,0.141312,-1.11647,0.367951,0.274194,-6.47935e-05,-6.47935e-05,0.296443
966,20.0936,-0.594109,0.529518,-0.344331,0.264867,-0.000133403,-0.000133403,0.288422
1232,24.7263,0.336916,-0.337362,0.344188,0.267559,-0.000811451,-0.000811451,0.302525
1352,27.306,-0.763475,-0.0165301,-0.880354,0.254722,-0.00152743,-0.00152743,0.281281
1604,32.1359,-0.199511,-0.274629,-0.42395,0.258719,-0.00257203,-0.00257203,0.289877
1785,36.0079,0.331937,-0.0572188,0.190926,0.253426,-0.00243427,-0.00243427,0.284619
2083,41.9199,0.655868,-0.308083,0.136618,0.259746,-0.00318899,-0.00318899,0.299296
2229,44.3679,0.033326,-0.734385,-0.606375,0.255818,-0.00226489,-0.00226489,0.28777
2472,48.8792,-0.198769,-0.881397,-0.782751,0.255376,-0.00206295,-0.00206295,0.292448
2730,54.8383,-0.484127,0.055218,-0.896591,0.256776,-0.00139131,-0.00139131,0.295356
2990,60.4382,-0.902064,0.328673,-0.919441,0.262011,-0.000674905,-0.000674905,0.305857
3111,62.6031,0.531134,-0.132078,0.66456,0.260348,-0.000869636,-0.000869636,0.293802
3224,64.7725,1.16321,-0.179678,0.465423,0.252953,-0.00267948,-0.00267948,0.277888
3423,67.7211,3.67026,-0.331657,0.500409,0.255844,-0.00881068,-0.00881068,0.276392
3542,68.9266,4.4387,-0.390879,-0.838527,0.25828,-0.00900253,-0.00900253,0.267612
3659,69.5383,8.08855,-0.512423,0.84823,0.257699,-0.00983837,-0.00983837,0.256603
3882,70.5524,11.7505,0.258877,-0.186043,0.275971,-0.00704201,-0.00704201,0.258665
4165,69.811,18.2307,-0.446285,0.703121,0.294187,-0.00375579,-0.00375579,0.26432
4420,69.4149,22.5327,-0.630588,-0.260771,0.302631,-0.00127665,-0.00127665,0.264511
25500,24.5182,-0.299973,0.093484,-2.02576,2.18896,0.0412232,0.0412232,2.5269
25766,29.2257,0.20435,-0.53449,0.462442,0.393914,0.000357443,0.000357443,0.409175
25944,33.4118,0.302386,0.398624,0.390419,0.311731,0.000431648,0.000431648,0.3279
26087,36.0531,-0.202849,-0.0865209,-0.222146,0.282646,0.000486437,0.000486437,0.299556
26279,39.8705,0.0860433,0.0394896,0.167535,0.26529,0.000888932,0.000888932,0.287312
26572,45.3754,0.141643,-0.31099,0.0240545,0.263146,0.000981184,0.000981184,0.297783
26721,48.4333,-0.187049,-0.127733,-0.383927,0.260941,0.000566863,0.000566863,0.289936
26838,51.5988,0.21836,0.752131,0.21231,0.253461,0.000329648,0.000329648,0.274369
27131,56.4063,-0.111318,-0.498298,-0.207015,0.256561,0.000651725,0.000651725,0.290971
27377,61.9304,0.191376,0.308632,-0.101615,0.258662,-0.000331665,-0.000331665,0.294642
27481,64.2532,0.605296,0.541513,-0.298405,0.254108,-0.00209167,-0.00209167,0.280809
27601,66.3067,1.78683,0.382339,-0.106641,0.25169,-0.00529211,-0.00529211,0.27429
27712,68.3297,3.65995,0.647411,0.314966,0.249811,-0.0067734,-0.0067734,0.264942
27815,68.9557,5.57611,-0.0409256,0.588256,0.251877,-0.00727971,-0.00727971,0.260225
28101,69.4084,9.96881,-0.828953,-0.459567,0.278788,-0.0105719,-0.0105719,0.267842
28341,70.0333,14.9109,-0.0882386,-0.157649,0.297109,-0.00611662,-0.00611662,0.276126
28562,70.5016,18.6868,0.653266,-1.04284,0.294681,-0.0027751,-0.0027751,0.266394
28847,69.873,25.9886,0.115319,0.571905,0.30712,0.000151762,0.000151762,0.270926
29133,70.8372,31.2529,1.35311,-0.0121064,0.314596,0.00212665,0.00212665,0.273284
29260,70.9191,34.2338,0.882429,0.443764,0.2872,0.00151662,0.00151662,0.258569
29523,70.5895,39.482,0.351384,0.50199,0.304054,0.00159992,0.00159992,0.265703
29667,69.0185,42.1368,-1.37497,0.126272,0.289567,0.00120382,0.00120382,0.25998
29950,67.3285,47.292,-0.0715087,0.487433,0.296834,0.00717156,0.00717156,0.269165
