timestep,x_predicted_0,P_predicted_0_0,x_updated_0,innovation_0,S_0_0,P_updated_0_0
0,0,1.05,0.156311,0.230745,1.55,0.33871
1,0.156311,0.38871,-0.173773,-0.754673,0.88871,0.218693
2,-0.173773,0.268693,0.20936,1.09609,0.768693,0.174773
3,0.20936,0.224773,0.034884,-0.562592,0.724773,0.155064
4,0.034884,0.205064,0.00112473,-0.116073,0.705064,0.145422
5,0.00112473,0.195422,0.0188424,0.0630494,0.695422,0.140506
6,0.0188424,0.190506,0.272162,0.91818,0.690506,0.137947
7,0.272162,0.187947,0.261264,-0.0398916,0.687947,0.1366
8,0.261264,0.1866,-0.153569,-1.52639,0.6866,0.135887
9,-0.153569,0.185887,-0.278329,-0.460342,0.685887,0.135508
10,-0.278329,0.185508,-0.805284,-1.94725,0.685508,0.135307
11,-0.805284,0.185307,-1.01304,-0.768341,0.685307,0.1352
12,-1.01304,0.1852,-0.842246,0.631916,0.6852,0.135143
13,-0.842246,0.185143,-0.777646,0.239057,0.685143,0.135113
14,-0.777646,0.185113,-0.679026,0.365,0.685113,0.135097
15,-0.679026,0.185097,-0.761388,-0.304848,0.685097,0.135088
16,-0.761388,0.185088,-1.05594,-1.09026,0.685088,0.135083
17,-1.05594,0.185083,-1.15656,-0.372436,0.685083,0.135081
18,-1.15656,0.185081,-1.26991,-0.419557,0.685081,0.13508
19,-1.26991,0.18508,-1.40106,-0.485484,0.68508,0.135079
20,-1.40106,0.185079,-1.60301,-0.747504,0.685079,0.135079
21,-1.60301,0.185079,-2.37034,-2.84032,0.685079,0.135078
22,-2.37034,0.185078,-2.68207,-1.15387,0.685078,0.135078
23,-2.68207,0.185078,-2.83282,-0.558037,0.685078,0.135078
24,-2.83282,0.185078,-2.88087,-0.177844,0.685078,0.135078
25,-2.88087,0.185078,-2.87231,0.0316741,0.685078,0.135078
26,-2.87231,0.185078,-2.14547,2.69044,0.685078,0.135078
27,-2.14547,0.185078,-2.61694,-1.74518,0.685078,0.135078
28,-2.61694,0.185078,-2.7236,-0.394796,0.685078,0.135078
29,-2.7236,0.185078,-2.4906,0.862471,0.685078,0.135078
30,-2.4906,0.185078,-2.09215,1.47488,0.685078,0.135078
31,-2.09215,0.185078,-1.91085,0.671089,0.685078,0.135078
32,-1.91085,0.185078,-1.81178,0.366731,0.685078,0.135078
33,-1.81178,0.185078,-1.79017,0.0799568,0.685078,0.135078
34,-1.79017,0.185078,-2.09213,-1.11772,0.685078,0.135078
35,-2.09213,0.185078,-2.18844,-0.356499,0.685078,0.135078
36,-2.18844,0.185078,-1.53495,2.41896,0.685078,0.135078
37,-1.53495,0.185078,-1.50863,0.0974037,0.685078,0.135078
38,-1.50863,0.185078,-0.867599,2.37283,0.685078,0.135078
39,-0.867599,0.185078,-0.872599,-0.0185096,0.685078,0.135078
40,-0.872599,0.185078,-1.08597,-0.789807,0.685078,0.135078
41,-1.08597,0.185078,-0.926859,0.58896,0.685078,0.135078
42,-0.926859,0.185078,-1.35399,-1.58105,0.685078,0.135078
43,-1.35399,0.185078,-1.27242,0.301953,0.685078,0.135078
44,-1.27242,0.185078,-1.22986,0.157542,0.685078,0.135078
45,-1.22986,0.185078,-1.11464,0.42649,0.685078,0.135078
46,-1.11464,0.185078,-1.22264,-0.399789,0.685078,0.135078
47,-1.22264,0.185078,-1.3235,-0.373332,0.685078,0.135078
48,-1.3235,0.185078,-1.37639,-0.195787,0.685078,0.135078
49,-1.37639,0.185078,-1.34079,0.131769,0.685078,0.135078
50,-1.34079,0.185078,-1.65902,-1.17792,0.685078,0.135078
51,-1.65902,0.185078,-1.93546,-1.02328,0.685078,0.135078
52,-1.93546,0.185078,-1.81337,0.45192,0.685078,0.135078
53,-1.81337,0.185078,-1.69288,0.446025,0.685078,0.135078
54,-1.69288,0.185078,-1.84581,-0.566102,0.685078,0.135078
55,-1.84581,0.185078,-2.10302,-0.95207,0.685078,0.135078
56,-2.10302,0.185078,-2.40782,-1.12825,0.685078,0.135078
57,-2.40782,0.185078,-2.23918,0.62425,0.685078,0.135078
58,-2.23918,0.185078,-1.91969,1.18262,0.685078,0.135078
59,-1.91969,0.185078,-1.47023,1.6637,0.685078,0.135078
60,-1.47023,0.185078,-1.80058,-1.22283,0.685078,0.135078
61,-1.80058,0.185078,-1.48246,1.17754,0.685078,0.135078
62,-1.48246,0.185078,-1.66434,-0.673236,0.685078,0.135078
63,-1.66434,0.185078,-1.55179,0.416606,0.685078,0.135078
64,-1.55179,0.185078,-1.33771,0.792451,0.685078,0.135078
65,-1.33771,0.185078,-0.871974,1.72394,0.685078,0.135078
66,-0.871974,0.185078,-0.831599,0.149451,0.685078,0.135078
67,-0.831599,0.185078,-0.869767,-0.141281,0.685078,0.135078
68,-0.869767,0.185078,-0.897635,-0.103157,0.685078,0.135078
69,-0.897635,0.185078,-0.689078,0.771989,0.685078,0.135078
70,-0.689078,0.185078,-0.916639,-0.842333,0.685078,0.135078
71,-0.916639,0.185078,-1.05113,-0.497818,0.685078,0.135078
72,-1.05113,0.185078,-1.00577,0.1679,0.685078,0.135078
73,-1.00577,0.185078,-1.18124,-0.649505,0.685078,0.135078
74,-1.18124,0.185078,-1.30294,-0.4505,0.685078,0.135078
75,-1.30294,0.185078,-1.66519,-1.34088,0.685078,0.135078
76,-1.66519,0.185078,-2.01984,-1.31275,0.685078,0.135078
77,-2.01984,0.185078,-2.49088,-1.74358,0.685078,0.135078
78,-2.49088,0.185078,-2.74645,-0.94601,0.685078,0.135078
79,-2.74645,0.185078,-2.88043,-0.495965,0.685078,0.135078
80,-2.88043,0.185078,-3.07041,-0.70321,0.685078,0.135078
81,-3.07041,0.185078,-3.01334,0.211261,0.685078,0.135078
82,-3.01334,0.185078,-3.2087,-0.723165,0.685078,0.135078
83,-3.2087,0.185078,-3.3181,-0.404934,0.685078,0.135078
84,-3.3181,0.185078,-3.29833,0.0731793,0.685078,0.135078
85,-3.29833,0.185078,-3.51612,-0.806145,0.685078,0.135078
86,-3.51612,0.185078,-3.39536,0.446982,0.685078,0.135078
87,-3.39536,0.185078,-3.85664,-1.70745,0.685078,0.135078
88,-3.85664,0.185078,-4.20231,-1.27952,0.685078,0.135078
89,-4.20231,0.185078,-4.40292,-0.74257,0.685078,0.135078
90,-4.40292,0.185078,-4.34627,0.209696,0.685078,0.135078
91,-4.34627,0.185078,-4.41602,-0.258192,0.685078,0.135078
92,-4.41602,0.185078,-4.4692,-0.196835,0.685078,0.135078
93,-4.4692,0.185078,-5.07886,-2.25671,0.685078,0.135078
94,-5.07886,0.185078,-5.02845,0.186578,0.685078,0.135078
95,-5.02845,0.185078,-5.1215,-0.344419,0.685078,0.135078
96,-5.1215,0.185078,-5.45388,-1.23034,0.685078,0.135078
97,-5.45388,0.185078,-5.3388,0.425981,0.685078,0.135078
98,-5.3388,0.185078,-5.04538,1.08612,0.685078,0.135078
99,-5.04538,0.185078,-4.76802,1.02666,0.685078,0.135078
100,-4.76802,0.185078,-4.97636,-0.771165,0.685078,0.135078
101,-4.97636,0.185078,-4.27647,2.59067,0.685078,0.135078
102,-4.27647,0.185078,-4.33593,-0.220111,0.685078,0.135078
103,-4.33593,0.185078,-4.27371,0.230326,0.685078,0.135078
104,-4.27371,0.185078,-4.22748,0.171122,0.685078,0.135078
105,-4.22748,0.185078,-4.39304,-0.612842,0.685078,0.135078
106,-4.39304,0.185078,-4.4947,-0.376274,0.685078,0.135078
107,-4.4947,0.185078,-4.67621,-0.671886,0.685078,0.135078
108,-4.67621,0.185078,-5.06429,-1.4365,0.685078,0.135078
109,-5.06429,0.185078,-5.01007,0.200706,0.685078,0.135078
110,-5.01007,0.185078,-4.98083,0.108229,0.685078,0.135078
111,-4.98083,0.185078,-5.12626,-0.538311,0.685078,0.135078
112,-5.12626,0.185078,-5.0379,0.327071,0.685078,0.135078
113,-5.0379,0.185078,-5.01764,0.0749826,0.685078,0.135078
114,-5.01764,0.185078,-5.14548,-0.473207,0.685078,0.135078
115,-5.14548,0.185078,-5.17056,-0.0928204,0.685078,0.135078
116,-5.17056,0.185078,-5.28649,-0.429141,0.685078,0.135078
117,-5.28649,0.185078,-5.45484,-0.623168,0.685078,0.135078
118,-5.45484,0.185078,-5.63582,-0.669906,0.685078,0.135078
119,-5.63582,0.185078,-5.38553,0.926482,0.685078,0.135078
120,-5.38553,0.185078,-5.37288,0.0468012,0.685078,0.135078
121,-5.37288,0.185078,-5.31016,0.232189,0.685078,0.135078
122,-5.31016,0.185078,-5.13094,0.663381,0.685078,0.135078
123,-5.13094,0.185078,-4.93035,0.742487,0.685078,0.135078
124,-4.93035,0.185078,-4.86194,0.253231,0.685078,0.135078
125,-4.86194,0.185078,-4.70294,0.588565,0.685078,0.135078
126,-4.70294,0.185078,-5.1123,-1.5153,0.685078,0.135078
127,-5.1123,0.185078,-5.19446,-0.30409,0.685078,0.135078
128,-5.19446,0.185078,-5.47719,-1.04657,0.685078,0.135078
129,-5.47719,0.185078,-5.68711,-0.777038,0.685078,0.135078
130,-5.68711,0.185078,-5.94012,-0.936503,0.685078,0.135078
131,-5.94012,0.185078,-5.9923,-0.193146,0.685078,0.135078
132,-5.9923,0.185078,-5.77505,0.804144,0.685078,0.135078
133,-5.77505,0.185078,-5.66925,0.391632,0.685078,0.135078
134,-5.66925,0.185078,-5.53244,0.506403,0.685078,0.135078
135,-5.53244,0.185078,-5.53009,0.00869255,0.685078,0.135078
136,-5.53009,0.185078,-5.67338,-0.530379,0.685078,0.135078
137,-5.67338,0.185078,-5.78872,-0.426924,0.685078,0.135078
138,-5.78872,0.185078,-5.64049,0.548662,0.685078,0.135078
139,-5.64049,0.185078,-5.85718,-0.802087,0.685078,0.135078
140,-5.85718,0.185078,-5.88637,-0.108063,0.685078,0.135078
141,-5.88637,0.185078,-5.41436,1.74717,0.685078,0.135078
142,-5.41436,0.185078,-5.04923,1.35156,0.685078,0.135078
143,-5.04923,0.185078,-5.03768,0.0427544,0.685078,0.135078
144,-5.03768,0.185078,-4.69039,1.28552,0.685078,0.135078
145,-4.69039,0.185078,-4.5407,0.554089,0.685078,0.135078
146,-4.5407,0.185078,-4.23263,1.14034,0.685078,0.135078
147,-4.23263,0.185078,-3.97845,0.940875,0.685078,0.135078
148,-3.97845,0.185078,-3.98716,-0.0322443,0.685078,0.135078
149,-3.98716,0.185078,-4.28282,-1.0944,0.685078,0.135078
150,-4.28282,0.185078,-3.78807,1.83134,0.685078,0.135078
151,-3.78807,0.185078,-3.67423,0.42138,0.685078,0.135078
152,-3.67423,0.185078,-3.73748,-0.23414,0.685078,0.135078
153,-3.73748,0.185078,-3.68452,0.196053,0.685078,0.135078
154,-3.68452,0.185078,-3.66022,0.08994,0.685078,0.135078
155,-3.66022,0.185078,-3.82352,-0.604447,0.685078,0.135078
156,-3.82352,0.185078,-3.8294,-0.0217723,0.685078,0.135078
157,-3.8294,0.185078,-3.88043,-0.188893,0.685078,0.135078
158,-3.88043,0.185078,-3.58963,1.0764,0.685078,0.135078
159,-3.58963,0.185078,-3.30354,1.05901,0.685078,0.135078
160,-3.30354,0.185078,-2.93398,1.36792,0.685078,0.135078
161,-2.93398,0.185078,-2.6937,0.889443,0.685078,0.135078
162,-2.6937,0.185078,-2.74605,-0.193804,0.685078,0.135078
163,-2.74605,0.185078,-3.26112,-1.90657,0.685078,0.135078
164,-3.26112,0.185078,-3.57942,-1.1782,0.685078,0.135078
165,-3.57942,0.185078,-3.53234,0.174283,0.685078,0.135078
166,-3.53234,0.185078,-3.86061,-1.21513,0.685078,0.135078
167,-3.86061,0.185078,-3.98939,-0.476684,0.685078,0.135078
168,-3.98939,0.185078,-4.07363,-0.311797,0.685078,0.135078
169,-4.07363,0.185078,-3.85477,0.810132,0.685078,0.135078
170,-3.85477,0.185078,-3.92267,-0.251344,0.685078,0.135078
171,-3.92267,0.185078,-4.30094,-1.40021,0.685078,0.135078
172,-4.30094,0.185078,-4.43348,-0.49059,0.685078,0.135078
173,-4.43348,0.185078,-4.4128,0.0765669,0.685078,0.135078
174,-4.4128,0.185078,-4.19076,0.821879,0.685078,0.135078
175,-4.19076,0.185078,-4.22104,-0.112085,0.685078,0.135078
176,-4.22104,0.185078,-4.25422,-0.122823,0.685078,0.135078
177,-4.25422,0.185078,-4.4328,-0.661038,0.685078,0.135078
178,-4.4328,0.185078,-4.75134,-1.17908,0.685078,0.135078
179,-4.75134,0.185078,-4.50554,0.90985,0.685078,0.135078
180,-4.50554,0.185078,-4.21634,1.07049,0.685078,0.135078
181,-4.21634,0.185078,-4.55055,-1.23709,0.685078,0.135078
182,-4.55055,0.185078,-4.27203,1.03096,0.685078,0.135078
183,-4.27203,0.185078,-4.35558,-0.309264,0.685078,0.135078
184,-4.35558,0.185078,-4.40913,-0.198229,0.685078,0.135078
185,-4.40913,0.185078,-4.48805,-0.292131,0.685078,0.135078
186,-4.48805,0.185078,-4.41539,0.268967,0.685078,0.135078
187,-4.41539,0.185078,-4.03109,1.42249,0.685078,0.135078
188,-4.03109,0.185078,-3.96663,0.238615,0.685078,0.135078
189,-3.96663,0.185078,-4.07617,-0.405475,0.685078,0.135078
190,-4.07617,0.185078,-3.91974,0.579042,0.685078,0.135078
191,-3.91974,0.185078,-3.85718,0.23156,0.685078,0.135078
192,-3.85718,0.185078,-4.1534,-1.09648,0.685078,0.135078
193,-4.1534,0.185078,-3.82787,1.20497,0.685078,0.135078
194,-3.82787,0.185078,-3.54393,1.05104,0.685078,0.135078
195,-3.54393,0.185078,-3.47119,0.269261,0.685078,0.135078
196,-3.47119,0.185078,-3.5934,-0.452372,0.685078,0.135078
197,-3.5934,0.185078,-3.59105,0.00868348,0.685078,0.135078
198,-3.59105,0.185078,-3.59873,-0.0284341,0.685078,0.135078
199,-3.59873,0.185078,-3.24304,1.31662,0.685078,0.135078
200,-3.24304,0.185078,-3.09456,0.549586,0.685078,0.135078
201,-3.09456,0.185078,-3.06193,0.1208,0.685078,0.135078
202,-3.06193,0.185078,-3.38523,-1.19672,0.685078,0.135078
203,-3.38523,0.185078,-2.79193,2.19615,0.685078,0.135078
204,-2.79193,0.185078,-2.75838,0.124157,0.685078,0.135078
205,-2.75838,0.185078,-3.02393,-0.98293,0.685078,0.135078
206,-3.02393,0.185078,-3.14998,-0.466597,0.685078,0.135078
207,-3.14998,0.185078,-3.16225,-0.0454209,0.685078,0.135078
208,-3.16225,0.185078,-2.33004,3.08048,0.685078,0.135078
209,-2.33004,0.185078,-2.19853,0.486791,0.685078,0.135078
210,-2.19853,0.185078,-2.16086,0.139447,0.685078,0.135078
211,-2.16086,0.185078,-2.01889,0.525521,0.685078,0.135078
212,-2.01889,0.185078,-2.28311,-0.978037,0.685078,0.135078
213,-2.28311,0.185078,-1.90749,1.39038,0.685078,0.135078
214,-1.90749,0.185078,-2.21944,-1.15469,0.685078,0.135078
215,-2.21944,0.185078,-2.2706,-0.189374,0.685078,0.135078
216,-2.2706,0.185078,-2.10765,0.60316,0.685078,0.135078
217,-2.10765,0.185078,-2.33972,-0.859032,0.685078,0.135078
218,-2.33972,0.185078,-2.49352,-0.569277,0.685078,0.135078
219,-2.49352,0.185078,-2.60662,-0.418663,0.685078,0.135078
220,-2.60662,0.185078,-2.54556,0.226029,0.685078,0.135078
221,-2.54556,0.185078,-2.41045,0.500115,0.685078,0.135078
222,-2.41045,0.185078,-2.38561,0.0919411,0.685078,0.135078
223,-2.38561,0.185078,-2.56076,-0.648306,0.685078,0.135078
224,-2.56076,0.185078,-2.89723,-1.24549,0.685078,0.135078
225,-2.89723,0.185078,-3.21127,-1.16242,0.685078,0.135078
226,-3.21127,0.185078,-3.23902,-0.102718,0.685078,0.135078
227,-3.23902,0.185078,-2.99595,0.899752,0.685078,0.135078
228,-2.99595,0.185078,-3.05297,-0.211064,0.685078,0.135078
229,-3.05297,0.185078,-2.88823,0.60978,0.685078,0.135078
230,-2.88823,0.185078,-3.35545,-1.72946,0.685078,0.135078
231,-3.35545,0.185078,-2.9464,1.51415,0.685078,0.135078
232,-2.9464,0.185078,-3.27141,-1.20305,0.685078,0.135078
233,-3.27141,0.185078,-3.37488,-0.382994,0.685078,0.135078
234,-3.37488,0.185078,-3.26279,0.414889,0.685078,0.135078
235,-3.26279,0.185078,-3.37201,-0.404296,0.685078,0.135078
236,-3.37201,0.185078,-3.52257,-0.557299,0.685078,0.135078
237,-3.52257,0.185078,-3.46583,0.210026,0.685078,0.135078
238,-3.46583,0.185078,-3.48327,-0.0645545,0.685078,0.135078
239,-3.48327,0.185078,-3.61194,-0.476292,0.685078,0.135078
240,-3.61194,0.185078,-3.36624,0.909493,0.685078,0.135078
241,-3.36624,0.185078,-3.14638,0.813806,0.685078,0.135078
242,-3.14638,0.185078,-3.2353,-0.32912,0.685078,0.135078
243,-3.2353,0.185078,-2.57411,2.44742,0.685078,0.135078
244,-2.57411,0.185078,-2.09015,1.79143,0.685078,0.135078
245,-2.09015,0.185078,-2.13492,-0.165742,0.685078,0.135078
246,-2.13492,0.185078,-2.01333,0.450083,0.685078,0.135078
247,-2.01333,0.185078,-2.14922,-0.502998,0.685078,0.135078
248,-2.14922,0.185078,-2.27307,-0.458427,0.685078,0.135078
249,-2.27307,0.185078,-2.12574,0.545336,0.685078,0.135078
250,-2.12574,0.185078,-2.09705,0.106191,0.685078,0.135078
251,-2.09705,0.185078,-1.68661,1.51928,0.685078,0.135078
252,-1.68661,0.185078,-1.74714,-0.224078,0.685078,0.135078
253,-1.74714,0.185078,-2.09313,-1.2807,0.685078,0.135078
254,-2.09313,0.185078,-2.56226,-1.73651,0.685078,0.135078
255,-2.56226,0.185078,-2.66699,-0.387673,0.685078,0.135078
256,-2.66699,0.185078,-2.57248,0.349843,0.685078,0.135078
257,-2.57248,0.185078,-2.65408,-0.302041,0.685078,0.135078
258,-2.65408,0.185078,-2.50082,0.567307,0.685078,0.135078
259,-2.50082,0.185078,-2.57764,-0.284344,0.685078,0.135078
260,-2.57764,0.185078,-2.66673,-0.329781,0.685078,0.135078
261,-2.66673,0.185078,-2.64563,0.0780764,0.685078,0.135078
262,-2.64563,0.185078,-2.76352,-0.436343,0.685078,0.135078
263,-2.76352,0.185078,-2.90653,-0.529378,0.685078,0.135078
264,-2.90653,0.185078,-2.63444,1.00717,0.685078,0.135078
265,-2.63444,0.185078,-2.97038,-1.24353,0.685078,0.135078
266,-2.97038,0.185078,-2.90852,0.228993,0.685078,0.135078
267,-2.90852,0.185078,-2.98369,-0.278251,0.685078,0.135078
268,-2.98369,0.185078,-3.06776,-0.311203,0.685078,0.135078
269,-3.06776,0.185078,-2.96606,0.376473,0.685078,0.135078
270,-2.96606,0.185078,-2.69351,1.00884,0.685078,0.135078
271,-2.69351,0.185078,-2.53927,0.570953,0.685078,0.135078
272,-2.53927,0.185078,-2.33003,0.774485,0.685078,0.135078
273,-2.33003,0.185078,-2.04427,1.05776,0.685078,0.135078
274,-2.04427,0.185078,-2.14509,-0.373173,0.685078,0.135078
275,-2.14509,0.185078,-2.06323,0.302989,0.685078,0.135078
276,-2.06323,0.185078,-2.30065,-0.878797,0.685078,0.135078
277,-2.30065,0.185078,-2.50979,-0.774176,0.685078,0.135078
278,-2.50979,0.185078,-2.4828,0.0999269,0.685078,0.135078
279,-2.4828,0.185078,-2.85864,-1.39121,0.685078,0.135078
280,-2.85864,0.185078,-2.83033,0.104799,0.685078,0.135078
281,-2.83033,0.185078,-2.75601,0.275096,0.685078,0.135078
282,-2.75601,0.185078,-2.69543,0.224264,0.685078,0.135078
283,-2.69543,0.185078,-2.84874,-0.567512,0.685078,0.135078
284,-2.84874,0.185078,-2.95973,-0.410836,0.685078,0.135078
285,-2.95973,0.185078,-2.92997,0.110155,0.685078,0.135078
286,-2.92997,0.185078,-3.21249,-1.04577,0.685078,0.135078
287,-3.21249,0.185078,-3.03472,0.658026,0.685078,0.135078
288,-3.03472,0.185078,-2.93224,0.379354,0.685078,0.135078
289,-2.93224,0.185078,-3.11749,-0.685732,0.685078,0.135078
290,-3.11749,0.185078,-3.35739,-0.887994,0.685078,0.135078
291,-3.35739,0.185078,-3.66405,-1.13512,0.685078,0.135078
292,-3.66405,0.185078,-3.61536,0.18024,0.685078,0.135078
293,-3.61536,0.185078,-3.60883,0.0241648,0.685078,0.135078
294,-3.60883,0.185078,-3.33544,1.01198,0.685078,0.135078
295,-3.33544,0.185078,-3.79938,-1.7173,0.685078,0.135078
296,-3.79938,0.185078,-3.96459,-0.611556,0.685078,0.135078
297,-3.96459,0.185078,-3.69326,1.00435,0.685078,0.135078
298,-3.69326,0.185078,-3.24165,1.67167,0.685078,0.135078
299,-3.24165,0.185078,-3.47398,-0.860009,0.685078,0.135078
300,-3.47398,0.185078,-3.39864,0.278903,0.685078,0.135078
301,-3.39864,0.185078,-3.48383,-0.315336,0.685078,0.135078
302,-3.48383,0.185078,-3.38218,0.376247,0.685078,0.135078
303,-3.38218,0.185078,-3.18852,0.716832,0.685078,0.135078
304,-3.18852,0.185078,-3.25924,-0.261745,0.685078,0.135078
305,-3.25924,0.185078,-3.49086,-0.857375,0.685078,0.135078
306,-3.49086,0.185078,-3.11818,1.37949,0.685078,0.135078
307,-3.11818,0.185078,-3.249,-0.484234,0.685078,0.135078
308,-3.249,0.185078,-3.18038,0.254006,0.685078,0.135078
309,-3.18038,0.185078,-3.0203,0.59254,0.685078,0.135078
310,-3.0203,0.185078,-3.15602,-0.502362,0.685078,0.135078
311,-3.15602,0.185078,-3.04283,0.418988,0.685078,0.135078
312,-3.04283,0.185078,-3.25255,-0.7763,0.685078,0.135078
313,-3.25255,0.185078,-3.27072,-0.0672533,0.685078,0.135078
314,-3.27072,0.185078,-3.04769,0.82555,0.685078,0.135078
315,-3.04769,0.185078,-3.05412,-0.0238128,0.685078,0.135078
316,-3.05412,0.185078,-3.31972,-0.98312,0.685078,0.135078
317,-3.31972,0.185078,-3.09982,0.813965,0.685078,0.135078
318,-3.09982,0.185078,-2.87046,0.849009,0.685078,0.135078
319,-2.87046,0.185078,-2.84977,0.0765912,0.685078,0.135078
320,-2.84977,0.185078,-2.98355,-0.49522,0.685078,0.135078
321,-2.98355,0.185078,-2.87118,0.41597,0.685078,0.135078
322,-2.87118,0.185078,-2.89458,-0.0866173,0.685078,0.135078
323,-2.89458,0.185078,-2.51685,1.39816,0.685078,0.135078
324,-2.51685,0.185078,-2.54239,-0.0945412,0.685078,0.135078
325,-2.54239,0.185078,-2.4021,0.519316,0.685078,0.135078
326,-2.4021,0.185078,-2.36675,0.13085,0.685078,0.135078
327,-2.36675,0.185078,-2.46148,-0.350656,0.685078,0.135078
328,-2.46148,0.185078,-2.68451,-0.82555,0.685078,0.135078
329,-2.68451,0.185078,-2.54645,0.511016,0.685078,0.135078
330,-2.54645,0.185078,-2.45714,0.330611,0.685078,0.135078
331,-2.45714,0.185078,-2.31367,0.531036,0.685078,0.135078
332,-2.31367,0.185078,-2.34986,-0.133952,0.685078,0.135078
333,-2.34986,0.185078,-2.6094,-0.960683,0.685078,0.135078
334,-2.6094,0.185078,-2.76768,-0.585883,0.685078,0.135078
335,-2.76768,0.185078,-2.79206,-0.0902676,0.685078,0.135078
336,-2.79206,0.185078,-2.84753,-0.205303,0.685078,0.135078
337,-2.84753,0.185078,-2.86035,-0.0474708,0.685078,0.135078
338,-2.86035,0.185078,-2.45719,1.49233,0.685078,0.135078
339,-2.45719,0.185078,-2.63705,-0.665757,0.685078,0.135078
340,-2.63705,0.185078,-2.60081,0.134143,0.685078,0.135078
341,-2.60081,0.185078,-2.95945,-1.32755,0.685078,0.135078
342,-2.95945,0.185078,-2.86028,0.367107,0.685078,0.135078
343,-2.86028,0.185078,-2.51588,1.27481,0.685078,0.135078
344,-2.51588,0.185078,-2.33313,0.676466,0.685078,0.135078
345,-2.33313,0.185078,-2.755,-1.5616,0.685078,0.135078
346,-2.755,0.185078,-3.25307,-1.84364,0.685078,0.135078
347,-3.25307,0.185078,-2.8169,1.61454,0.685078,0.135078
348,-2.8169,0.185078,-3.36177,-2.01689,0.685078,0.135078
349,-3.36177,0.185078,-3.38207,-0.0751227,0.685078,0.135078
350,-3.38207,0.185078,-3.06229,1.18367,0.685078,0.135078
351,-3.06229,0.185078,-3.00394,0.216007,0.685078,0.135078
352,-3.00394,0.185078,-2.58682,1.54398,0.685078,0.135078
353,-2.58682,0.185078,-2.89532,-1.14194,0.685078,0.135078
354,-2.89532,0.185078,-2.60607,1.07069,0.685078,0.135078
355,-2.60607,0.185078,-2.34677,0.959809,0.685078,0.135078
356,-2.34677,0.185078,-2.05313,1.08694,0.685078,0.135078
357,-2.05313,0.185078,-2.14516,-0.340682,0.685078,0.135078
358,-2.14516,0.185078,-2.09448,0.187614,0.685078,0.135078
359,-2.09448,0.185078,-2.00568,0.328687,0.685078,0.135078
360,-2.00568,0.185078,-1.95637,0.182526,0.685078,0.135078
361,-1.95637,0.185078,-1.75461,0.746849,0.685078,0.135078
362,-1.75461,0.185078,-1.7303,0.0899676,0.685078,0.135078
363,-1.7303,0.185078,-1.85782,-0.472021,0.685078,0.135078
364,-1.85782,0.185078,-2.04281,-0.684762,0.685078,0.135078
365,-2.04281,0.185078,-2.10172,-0.218036,0.685078,0.135078
366,-2.10172,0.185078,-1.91069,0.707116,0.685078,0.135078
367,-1.91069,0.185078,-1.99998,-0.330548,0.685078,0.135078
368,-1.99998,0.185078,-2.04469,-0.165493,0.685078,0.135078
369,-2.04469,0.185078,-1.83518,0.775532,0.685078,0.135078
370,-1.83518,0.185078,-1.68034,0.57313,0.685078,0.135078
371,-1.68034,0.185078,-1.419,0.967394,0.685078,0.135078
372,-1.419,0.185078,-1.37925,0.147125,0.685078,0.135078
373,-1.37925,0.185078,-1.42305,-0.162141,0.685078,0.135078
374,-1.42305,0.185078,-1.53617,-0.418706,0.685078,0.135078
375,-1.53617,0.185078,-1.26555,1.00171,0.685078,0.135078
376,-1.26555,0.185078,-1.47414,-0.7721,0.685078,0.135078
377,-1.47414,0.185078,-1.59379,-0.442882,0.685078,0.135078
378,-1.59379,0.185078,-1.14579,1.6583,0.685078,0.135078
379,-1.14579,0.185078,-1.01954,0.467308,0.685078,0.135078
380,-1.01954,0.185078,-1.17685,-0.582305,0.685078,0.135078
381,-1.17685,0.185078,-1.57719,-1.48189,0.685078,0.135078
382,-1.57719,0.185078,-1.20267,1.38633,0.685078,0.135078
383,-1.20267,0.185078,-0.887519,1.16654,0.685078,0.135078
384,-0.887519,0.185078,-1.18561,-1.1034,0.685078,0.135078
385,-1.18561,0.185078,-0.999666,0.688284,0.685078,0.135078
386,-0.999666,0.185078,-1.01804,-0.0680026,0.685078,0.135078
387,-1.01804,0.185078,-0.898189,0.443623,0.685078,0.135078
388,-0.898189,0.185078,-1.22041,-1.19273,0.685078,0.135078
389,-1.22041,0.185078,-0.995929,0.830944,0.685078,0.135078
390,-0.995929,0.185078,-1.12312,-0.470806,0.685078,0.135078
391,-1.12312,0.185078,-0.968155,0.573615,0.685078,0.135078
392,-0.968155,0.185078,-0.75038,0.806106,0.685078,0.135078
393,-0.75038,0.185078,-0.341952,1.51182,0.685078,0.135078
394,-0.341952,0.185078,-0.272034,0.258806,0.685078,0.135078
395,-0.272034,0.185078,-0.17182,0.370948,0.685078,0.135078
396,-0.17182,0.185078,-0.212479,-0.150502,0.685078,0.135078
397,-0.212479,0.185078,-0.32597,-0.420092,0.685078,0.135078
398,-0.32597,0.185078,-0.447264,-0.448978,0.685078,0.135078
399,-0.447264,0.185078,-0.356754,0.335028,0.685078,0.135078
400,-0.356754,0.185078,-0.557312,-0.742379,0.685078,0.135078
401,-0.557312,0.185078,-0.456134,0.374518,0.685078,0.135078
402,-0.456134,0.185078,-0.612538,-0.578941,0.685078,0.135078
403,-0.612538,0.185078,-0.358528,0.940234,0.685078,0.135078
404,-0.358528,0.185078,-0.190154,0.623248,0.685078,0.135078
405,-0.190154,0.185078,0.219204,1.51526,0.685078,0.135078
406,0.219204,0.185078,0.593437,1.38525,0.685078,0.135078
407,0.593437,0.185078,0.498262,-0.352297,0.685078,0.135078
408,0.498262,0.185078,0.387543,-0.409835,0.685078,0.135078
409,0.387543,0.185078,0.666884,1.034,0.685078,0.135078
410,0.666884,0.185078,0.318612,-1.28915,0.685078,0.135078
411,0.318612,0.185078,0.660657,1.2661,0.685078,0.135078
412,0.660657,0.185078,0.517236,-0.530882,0.685078,0.135078
413,0.517236,0.185078,0.35534,-0.59927,0.685078,0.135078
414,0.35534,0.185078,0.193297,-0.59981,0.685078,0.135078
415,0.193297,0.185078,-0.170644,-1.34715,0.685078,0.135078
416,-0.170644,0.185078,-0.0994325,0.263594,0.685078,0.135078
417,-0.0994325,0.185078,-0.0743807,0.0927308,0.685078,0.135078
418,-0.0743807,0.185078,-0.267354,-0.714303,0.685078,0.135078
419,-0.267354,0.185078,0.0482418,1.1682,0.685078,0.135078
420,0.0482418,0.185078,0.0784598,0.111854,0.685078,0.135078
421,0.0784598,0.185078,0.3426,0.97773,0.685078,0.135078
422,0.3426,0.185078,0.20904,-0.494378,0.685078,0.135078
423,0.20904,0.185078,0.300059,0.336911,0.685078,0.135078
424,0.300059,0.185078,0.351353,0.189867,0.685078,0.135078
425,0.351353,0.185078,0.00337748,-1.28805,0.685078,0.135078
426,0.00337748,0.185078,-0.353381,-1.32056,0.685078,0.135078
427,-0.353381,0.185078,-0.46685,-0.420013,0.685078,0.135078
428,-0.46685,0.185078,-0.736609,-0.998528,0.685078,0.135078
429,-0.736609,0.185078,-0.455731,1.03969,0.685078,0.135078
430,-0.455731,0.185078,-0.386521,0.256184,0.685078,0.135078
431,-0.386521,0.185078,-0.238456,0.548072,0.685078,0.135078
432,-0.238456,0.185078,-0.119547,0.440147,0.685078,0.135078
433,-0.119547,0.185078,0.548253,2.4719,0.685078,0.135078
434,0.548253,0.185078,0.0524653,-1.83519,0.685078,0.135078
435,0.0524653,0.185078,-0.156879,-0.774903,0.685078,0.135078
436,-0.156879,0.185078,0.315337,1.74794,0.685078,0.135078
437,0.315337,0.185078,0.189174,-0.467001,0.685078,0.135078
438,0.189174,0.185078,0.1771,-0.0446927,0.685078,0.135078
439,0.1771,0.185078,0.283559,0.394065,0.685078,0.135078
440,0.283559,0.185078,0.0747415,-0.772951,0.685078,0.135078
441,0.0747415,0.185078,-0.0108718,-0.316903,0.685078,0.135078
442,-0.0108718,0.185078,0.012786,0.0875708,0.685078,0.135078
443,0.012786,0.185078,0.607353,2.20083,0.685078,0.135078
444,0.607353,0.185078,0.575736,-0.117031,0.685078,0.135078
445,0.575736,0.185078,0.659494,0.310035,0.685078,0.135078
446,0.659494,0.185078,0.676058,0.0613141,0.685078,0.135078
447,0.676058,0.185078,0.787796,0.413604,0.685078,0.135078
448,0.787796,0.185078,0.707045,-0.298906,0.685078,0.135078
449,0.707045,0.185078,0.586866,-0.444849,0.685078,0.135078
450,0.586866,0.185078,0.588798,0.00715224,0.685078,0.135078
451,0.588798,0.185078,1.13236,2.01202,0.685078,0.135078
452,1.13236,0.185078,1.15704,0.0913741,0.685078,0.135078
453,1.15704,0.185078,1.29355,0.505283,0.685078,0.135078
454,1.29355,0.185078,0.968733,-1.20233,0.685078,0.135078
455,0.968733,0.185078,0.858853,-0.406725,0.685078,0.135078
456,0.858853,0.185078,1.05894,0.74065,0.685078,0.135078
457,1.05894,0.185078,1.25159,0.713094,0.685078,0.135078
458,1.25159,0.185078,1.17942,-0.267149,0.685078,0.135078
459,1.17942,0.185078,1.11665,-0.232338,0.685078,0.135078
460,1.11665,0.185078,1.19999,0.308478,0.685078,0.135078
461,1.19999,0.185078,1.09146,-0.401736,0.685078,0.135078
462,1.09146,0.185078,0.965633,-0.465748,0.685078,0.135078
463,0.965633,0.185078,0.963859,-0.00656508,0.685078,0.135078
464,0.963859,0.185078,1.17822,0.793462,0.685078,0.135078
465,1.17822,0.185078,1.27987,0.376282,0.685078,0.135078
466,1.27987,0.185078,1.16054,-0.441718,0.685078,0.135078
467,1.16054,0.185078,1.14332,-0.0637498,0.685078,0.135078
468,1.14332,0.185078,1.07144,-0.266062,0.685078,0.135078
469,1.07144,0.185078,1.1589,0.323724,0.685078,0.135078
470,1.1589,0.185078,1.5166,1.32406,0.685078,0.135078
471,1.5166,0.185078,1.6238,0.396821,0.685078,0.135078
472,1.6238,0.185078,1.49877,-0.462798,0.685078,0.135078
473,1.49877,0.185078,1.72281,0.829286,0.685078,0.135078
474,1.72281,0.185078,1.44136,-1.04179,0.685078,0.135078
475,1.44136,0.185078,1.68136,0.888369,0.685078,0.135078
476,1.68136,0.185078,1.824,0.527971,0.685078,0.135078
477,1.824,0.185078,1.70441,-0.442656,0.685078,0.135078
478,1.70441,0.185078,1.52062,-0.680316,0.685078,0.135078
479,1.52062,0.185078,1.23091,-1.07237,0.685078,0.135078
480,1.23091,0.185078,1.29148,0.224178,0.685078,0.135078
481,1.29148,0.185078,1.3288,0.13817,0.685078,0.135078
482,1.3288,0.185078,1.38328,0.201661,0.685078,0.135078
483,1.38328,0.185078,1.45183,0.25372,0.685078,0.135078
484,1.45183,0.185078,1.49456,0.158187,0.685078,0.135078
485,1.49456,0.185078,1.13043,-1.34785,0.685078,0.135078
486,1.13043,0.185078,1.06779,-0.231882,0.685078,0.135078
487,1.06779,0.185078,1.09662,0.106711,0.685078,0.135078
488,1.09662,0.185078,1.06346,-0.122748,0.685078,0.135078
489,1.06346,0.185078,0.692256,-1.37402,0.685078,0.135078
490,0.692256,0.185078,0.681283,-0.0406186,0.685078,0.135078
491,0.681283,0.185078,1.1071,1.57618,0.685078,0.135078
492,1.1071,0.185078,0.764659,-1.26756,0.685078,0.135078
493,0.764659,0.185078,0.351064,-1.53095,0.685078,0.135078
494,0.351064,0.185078,0.54385,0.713609,0.685078,0.135078
495,0.54385,0.185078,0.790977,0.914757,0.685078,0.135078
496,0.790977,0.185078,0.805768,0.0547493,0.685078,0.135078
497,0.805768,0.185078,0.956343,0.557364,0.685078,0.135078
498,0.956343,0.185078,1.27828,1.19167,0.685078,0.135078
499,1.27828,0.185078,1.48862,0.778598,0.685078,0.135078
500,1.48862,0.185078,1.6043,0.428171,0.685078,0.135078
501,1.6043,0.185078,1.29859,-1.13161,0.685078,0.135078
502,1.29859,0.185078,1.37523,0.283689,0.685078,0.135078
503,1.37523,0.185078,1.38658,0.0420399,0.685078,0.135078
504,1.38658,0.185078,1.21501,-0.635109,0.685078,0.135078
505,1.21501,0.185078,1.58803,1.38077,0.685078,0.135078
506,1.58803,0.185078,1.48925,-0.365635,0.685078,0.135078
507,1.48925,0.185078,1.43072,-0.216668,0.685078,0.135078
508,1.43072,0.185078,1.44891,0.0673337,0.685078,0.135078
509,1.44891,0.185078,1.50882,0.22179,0.685078,0.135078
510,1.50882,0.185078,1.55401,0.16725,0.685078,0.135078
511,1.55401,0.185078,1.48423,-0.258279,0.685078,0.135078
512,1.48423,0.185078,1.40948,-0.276696,0.685078,0.135078
513,1.40948,0.185078,1.1867,-0.824646,0.685078,0.135078
514,1.1867,0.185078,1.06448,-0.452412,0.685078,0.135078
515,1.06448,0.185078,1.15496,0.334932,0.685078,0.135078
516,1.15496,0.185078,1.16528,0.038189,0.685078,0.135078
517,1.16528,0.185078,1.07783,-0.323689,0.685078,0.135078
518,1.07783,0.185078,0.436614,-2.3735,0.685078,0.135078
519,0.436614,0.185078,0.500042,0.234781,0.685078,0.135078
520,0.500042,0.185078,0.587767,0.324723,0.685078,0.135078
521,0.587767,0.185078,0.348716,-0.884864,0.685078,0.135078
522,0.348716,0.185078,0.468038,0.441679,0.685078,0.135078
523,0.468038,0.185078,0.695612,0.842379,0.685078,0.135078
524,0.695612,0.185078,0.852306,0.580014,0.685078,0.135078
525,0.852306,0.185078,0.807244,-0.166802,0.685078,0.135078
526,0.807244,0.185078,1.04798,0.891082,0.685078,0.135078
527,1.04798,0.185078,0.620683,-1.58165,0.685078,0.135078
528,0.620683,0.185078,0.585324,-0.130884,0.685078,0.135078
529,0.585324,0.185078,0.682739,0.360588,0.685078,0.135078
530,0.682739,0.185078,0.823974,0.52279,0.685078,0.135078
531,0.823974,0.185078,1.11556,1.07932,0.685078,0.135078
532,1.11556,0.185078,1.11204,-0.0130126,0.685078,0.135078
533,1.11204,0.185078,1.45954,1.28628,0.685078,0.135078
534,1.45954,0.185078,1.13634,-1.19633,0.685078,0.135078
535,1.13634,0.185078,1.40028,0.976969,0.685078,0.135078
536,1.40028,0.185078,1.60438,0.755482,0.685078,0.135078
537,1.60438,0.185078,1.52316,-0.30062,0.685078,0.135078
538,1.52316,0.185078,1.56218,0.144424,0.685078,0.135078
539,1.56218,0.185078,1.67875,0.431517,0.685078,0.135078
540,1.67875,0.185078,1.32018,-1.32729,0.685078,0.135078
541,1.32018,0.185078,1.2844,-0.132433,0.685078,0.135078
542,1.2844,0.185078,1.16524,-0.441072,0.685078,0.135078
543,1.16524,0.185078,1.16935,0.0151842,0.685078,0.135078
544,1.16935,0.185078,0.735691,-1.6052,0.685078,0.135078
545,0.735691,0.185078,0.863906,0.474592,0.685078,0.135078
546,0.863906,0.185078,0.932505,0.253925,0.685078,0.135078
547,0.932505,0.185078,0.761613,-0.632568,0.685078,0.135078
548,0.761613,0.185078,0.919492,0.5844,0.685078,0.135078
549,0.919492,0.185078,0.973583,0.200222,0.685078,0.135078
550,0.973583,0.185078,1.11666,0.529619,0.685078,0.135078
551,1.11666,0.185078,1.01195,-0.387611,0.685078,0.135078
552,1.01195,0.185078,1.37946,1.36039,0.685078,0.135078
553,1.37946,0.185078,1.44876,0.256493,0.685078,0.135078
554,1.44876,0.185078,1.5291,0.297394,0.685078,0.135078
555,1.5291,0.185078,1.77114,0.895908,0.685078,0.135078
556,1.77114,0.185078,1.589,-0.674201,0.685078,0.135078
557,1.589,0.185078,1.31839,-1.00167,0.685078,0.135078
558,1.31839,0.185078,1.15164,-0.617216,0.685078,0.135078
559,1.15164,0.185078,1.0188,-0.491712,0.685078,0.135078
560,1.0188,0.185078,1.20149,0.676238,0.685078,0.135078
561,1.20149,0.185078,1.07778,-0.457943,0.685078,0.135078
562,1.07778,0.185078,0.832514,-0.907857,0.685078,0.135078
563,0.832514,0.185078,0.757453,-0.277842,0.685078,0.135078
564,0.757453,0.185078,1.25057,1.8253,0.685078,0.135078
565,1.25057,0.185078,0.861047,-1.44184,0.685078,0.135078
566,0.861047,0.185078,0.657985,-0.75165,0.685078,0.135078
567,0.657985,0.185078,0.610758,-0.174811,0.685078,0.135078
568,0.610758,0.185078,0.510859,-0.369784,0.685078,0.135078
569,0.510859,0.185078,0.649918,0.514737,0.685078,0.135078
570,0.649918,0.185078,0.811399,0.59773,0.685078,0.135078
571,0.811399,0.185078,1.17862,1.35928,0.685078,0.135078
572,1.17862,0.185078,1.16999,-0.0319275,0.685078,0.135078
573,1.16999,0.185078,1.26677,0.358244,0.685078,0.135078
574,1.26677,0.185078,1.06087,-0.762167,0.685078,0.135078
575,1.06087,0.185078,0.994871,-0.244298,0.685078,0.135078
576,0.994871,0.185078,1.37833,1.41941,0.685078,0.135078
577,1.37833,0.185078,1.47151,0.3449,0.685078,0.135078
578,1.47151,0.185078,1.68918,0.80571,0.685078,0.135078
579,1.68918,0.185078,1.3021,-1.4328,0.685078,0.135078
580,1.3021,0.185078,1.48967,0.69433,0.685078,0.135078
581,1.48967,0.185078,1.5338,0.163351,0.685078,0.135078
582,1.5338,0.185078,1.39469,-0.514953,0.685078,0.135078
583,1.39469,0.185078,1.52384,0.478085,0.685078,0.135078
584,1.52384,0.185078,1.58189,0.214851,0.685078,0.135078
585,1.58189,0.185078,1.77487,0.714345,0.685078,0.135078
586,1.77487,0.185078,1.84847,0.272416,0.685078,0.135078
587,1.84847,0.185078,1.79718,-0.189854,0.685078,0.135078
588,1.79718,0.185078,1.62283,-0.645364,0.685078,0.135078
589,1.62283,0.185078,1.80648,0.679804,0.685078,0.135078
590,1.80648,0.185078,1.37123,-1.61111,0.685078,0.135078
591,1.37123,0.185078,1.55807,0.691613,0.685078,0.135078
592,1.55807,0.185078,1.63313,0.277829,0.685078,0.135078
593,1.63313,0.185078,1.85196,0.810011,0.685078,0.135078
594,1.85196,0.185078,1.93881,0.321483,0.685078,0.135078
595,1.93881,0.185078,1.7336,-0.759585,0.685078,0.135078
596,1.7336,0.185078,1.84644,0.417683,0.685078,0.135078
597,1.84644,0.185078,1.72814,-0.437909,0.685078,0.135078
598,1.72814,0.185078,1.97709,0.921511,0.685078,0.135078
599,1.97709,0.185078,2.08349,0.393841,0.685078,0.135078
600,2.08349,0.185078,1.98066,-0.380635,0.685078,0.135078
601,1.98066,0.185078,1.9104,-0.260049,0.685078,0.135078
602,1.9104,0.185078,1.71617,-0.718956,0.685078,0.135078
603,1.71617,0.185078,1.46457,-0.931335,0.685078,0.135078
604,1.46457,0.185078,1.14629,-1.17814,0.685078,0.135078
605,1.14629,0.185078,1.05551,-0.336027,0.685078,0.135078
606,1.05551,0.185078,1.23603,0.668221,0.685078,0.135078
607,1.23603,0.185078,1.45817,0.822274,0.685078,0.135078
608,1.45817,0.185078,1.60436,0.541126,0.685078,0.135078
609,1.60436,0.185078,1.77155,0.618869,0.685078,0.135078
610,1.77155,0.185078,1.55632,-0.796707,0.685078,0.135078
611,1.55632,0.185078,1.60158,0.167538,0.685078,0.135078
612,1.60158,0.185078,1.79184,0.704266,0.685078,0.135078
613,1.79184,0.185078,1.73356,-0.215748,0.685078,0.135078
614,1.73356,0.185078,1.88294,0.552967,0.685078,0.135078
615,1.88294,0.185078,1.63066,-0.933848,0.685078,0.135078
616,1.63066,0.185078,1.83438,0.754104,0.685078,0.135078
617,1.83438,0.185078,1.80061,-0.125013,0.685078,0.135078
618,1.80061,0.185078,1.75639,-0.163685,0.685078,0.135078
619,1.75639,0.185078,1.49727,-0.959147,0.685078,0.135078
620,1.49727,0.185078,1.46412,-0.12271,0.685078,0.135078
621,1.46412,0.185078,1.24968,-0.793756,0.685078,0.135078
622,1.24968,0.185078,1.17656,-0.270665,0.685078,0.135078
623,1.17656,0.185078,1.67223,1.83474,0.685078,0.135078
624,1.67223,0.185078,1.67263,0.00149707,0.685078,0.135078
625,1.67263,0.185078,1.83026,0.583479,0.685078,0.135078
626,1.83026,0.185078,1.84341,0.0486739,0.685078,0.135078
627,1.84341,0.185078,2.02666,0.678303,0.685078,0.135078
628,2.02666,0.185078,2.43668,1.51771,0.685078,0.135078
629,2.43668,0.185078,2.01871,-1.54712,0.685078,0.135078
630,2.01871,0.185078,2.19385,0.648299,0.685078,0.135078
631,2.19385,0.185078,2.14669,-0.174573,0.685078,0.135078
632,2.14669,0.185078,2.00282,-0.532569,0.685078,0.135078
633,2.00282,0.185078,1.68631,-1.17158,0.685078,0.135078
634,1.68631,0.185078,1.71737,0.114966,0.685078,0.135078
635,1.71737,0.185078,1.74765,0.112088,0.685078,0.135078
636,1.74765,0.185078,1.72055,-0.100305,0.685078,0.135078
637,1.72055,0.185078,1.97229,0.931829,0.685078,0.135078
638,1.97229,0.185078,2.17705,0.757947,0.685078,0.135078
639,2.17705,0.185078,2.16679,-0.0379822,0.685078,0.135078
640,2.16679,0.185078,2.14176,-0.0926554,0.685078,0.135078
641,2.14176,0.185078,2.12337,-0.0680814,0.685078,0.135078
642,2.12337,0.185078,1.7148,-1.51236,0.685078,0.135078
643,1.7148,0.185078,1.63861,-0.282011,0.685078,0.135078
644,1.63861,0.185078,1.69218,0.198307,0.685078,0.135078
645,1.69218,0.185078,1.9155,0.826641,0.685078,0.135078
646,1.9155,0.185078,2.32888,1.53014,0.685078,0.135078
647,2.32888,0.185078,2.70873,1.40604,0.685078,0.135078
648,2.70873,0.185078,3.12303,1.53356,0.685078,0.135078
649,3.12303,0.185078,3.17284,0.184359,0.685078,0.135078
650,3.17284,0.185078,3.08659,-0.31923,0.685078,0.135078
651,3.08659,0.185078,2.73572,-1.2988,0.685078,0.135078
652,2.73572,0.185078,2.41135,-1.20068,0.685078,0.135078
653,2.41135,0.185078,2.2449,-0.616103,0.685078,0.135078
654,2.2449,0.185078,2.37628,0.48629,0.685078,0.135078
655,2.37628,0.185078,2.48768,0.412366,0.685078,0.135078
656,2.48768,0.185078,2.91458,1.5802,0.685078,0.135078
657,2.91458,0.185078,3.04984,0.500691,0.685078,0.135078
658,3.04984,0.185078,2.49584,-2.05067,0.685078,0.135078
659,2.49584,0.185078,2.39189,-0.384798,0.685078,0.135078
660,2.39189,0.185078,2.24794,-0.532822,0.685078,0.135078
661,2.24794,0.185078,2.02303,-0.832516,0.685078,0.135078
662,2.02303,0.185078,2.6079,2.16492,0.685078,0.135078
663,2.6079,0.185078,3.02036,1.52674,0.685078,0.135078
664,3.02036,0.185078,3.02452,0.0154237,0.685078,0.135078
665,3.02452,0.185078,2.96088,-0.235582,0.685078,0.135078
666,2.96088,0.185078,2.93628,-0.0910622,0.685078,0.135078
667,2.93628,0.185078,3.17481,0.882929,0.685078,0.135078
668,3.17481,0.185078,3.10711,-0.250579,0.685078,0.135078
669,3.10711,0.185078,2.88364,-0.827189,0.685078,0.135078
670,2.88364,0.185078,3.14961,0.984492,0.685078,0.135078
671,3.14961,0.185078,3.26769,0.437095,0.685078,0.135078
672,3.26769,0.185078,3.23189,-0.132516,0.685078,0.135078
673,3.23189,0.185078,3.23716,0.019491,0.685078,0.135078
674,3.23716,0.185078,2.75861,-1.77138,0.685078,0.135078
675,2.75861,0.185078,2.96598,0.767612,0.685078,0.135078
676,2.96598,0.185078,3.27678,1.15041,0.685078,0.135078
677,3.27678,0.185078,3.16005,-0.432055,0.685078,0.135078
678,3.16005,0.185078,3.11179,-0.178659,0.685078,0.135078
679,3.11179,0.185078,3.07552,-0.134228,0.685078,0.135078
680,3.07552,0.185078,3.12057,0.16674,0.685078,0.135078
681,3.12057,0.185078,3.03529,-0.315655,0.685078,0.135078
682,3.03529,0.185078,3.61252,2.13665,0.685078,0.135078
683,3.61252,0.185078,3.97836,1.35417,0.685078,0.135078
684,3.97836,0.185078,4.03349,0.204072,0.685078,0.135078
685,4.03349,0.185078,4.24288,0.775054,0.685078,0.135078
686,4.24288,0.185078,4.18457,-0.215843,0.685078,0.135078
687,4.18457,0.185078,4.34862,0.607255,0.685078,0.135078
688,4.34862,0.185078,4.5101,0.59774,0.685078,0.135078
689,4.5101,0.185078,4.52463,0.053764,0.685078,0.135078
690,4.52463,0.185078,4.13896,-1.42757,0.685078,0.135078
691,4.13896,0.185078,4.26364,0.461513,0.685078,0.135078
692,4.26364,0.185078,4.27454,0.0403206,0.685078,0.135078
693,4.27454,0.185078,4.42111,0.54256,0.685078,0.135078
694,4.42111,0.185078,4.46079,0.146869,0.685078,0.135078
695,4.46079,0.185078,4.42927,-0.116678,0.685078,0.135078
696,4.42927,0.185078,4.32043,-0.402861,0.685078,0.135078
697,4.32043,0.185078,4.28003,-0.149553,0.685078,0.135078
698,4.28003,0.185078,4.41298,0.492107,0.685078,0.135078
699,4.41298,0.185078,4.50369,0.335776,0.685078,0.135078
700,4.50369,0.185078,4.6319,0.474564,0.685078,0.135078
701,4.6319,0.185078,4.63994,0.0297663,0.685078,0.135078
702,4.63994,0.185078,4.67136,0.116309,0.685078,0.135078
703,4.67136,0.185078,4.16756,-1.86486,0.685078,0.135078
704,4.16756,0.185078,4.40329,0.872575,0.685078,0.135078
705,4.40329,0.185078,4.62264,0.811964,0.685078,0.135078
706,4.62264,0.185078,4.4426,-0.666446,0.685078,0.135078
707,4.4426,0.185078,4.66843,0.835924,0.685078,0.135078
708,4.66843,0.185078,4.75012,0.302373,0.685078,0.135078
709,4.75012,0.185078,4.9166,0.616249,0.685078,0.135078
710,4.9166,0.185078,4.89886,-0.0656652,0.685078,0.135078
711,4.89886,0.185078,4.95608,0.211789,0.685078,0.135078
712,4.95608,0.185078,4.72206,-0.866239,0.685078,0.135078
713,4.72206,0.185078,4.5764,-0.539158,0.685078,0.135078
714,4.5764,0.185078,4.32268,-0.939157,0.685078,0.135078
715,4.32268,0.185078,4.55229,0.849914,0.685078,0.135078
716,4.55229,0.185078,4.20472,-1.28658,0.685078,0.135078
717,4.20472,0.185078,4.01764,-0.692454,0.685078,0.135078
718,4.01764,0.185078,4.32653,1.14337,0.685078,0.135078
719,4.32653,0.185078,4.47846,0.562376,0.685078,0.135078
720,4.47846,0.185078,4.50142,0.0849775,0.685078,0.135078
721,4.50142,0.185078,4.48027,-0.0782695,0.685078,0.135078
722,4.48027,0.185078,4.31748,-0.602585,0.685078,0.135078
723,4.31748,0.185078,4.31558,-0.00703658,0.685078,0.135078
724,4.31558,0.185078,4.37196,0.208679,0.685078,0.135078
725,4.37196,0.185078,4.18392,-0.696035,0.685078,0.135078
726,4.18392,0.185078,4.26007,0.281897,0.685078,0.135078
727,4.26007,0.185078,4.44178,0.672585,0.685078,0.135078
728,4.44178,0.185078,4.33325,-0.401726,0.685078,0.135078
729,4.33325,0.185078,4.31416,-0.0706752,0.685078,0.135078
730,4.31416,0.185078,4.5401,0.836336,0.685078,0.135078
731,4.5401,0.185078,4.22398,-1.17013,0.685078,0.135078
732,4.22398,0.185078,4.13312,-0.336327,0.685078,0.135078
733,4.13312,0.185078,3.87882,-0.941296,0.685078,0.135078
734,3.87882,0.185078,4.02309,0.534021,0.685078,0.135078
735,4.02309,0.185078,4.11496,0.340053,0.685078,0.135078
736,4.11496,0.185078,3.89259,-0.823104,0.685078,0.135078
737,3.89259,0.185078,3.51881,-1.38357,0.685078,0.135078
738,3.51881,0.185078,3.63083,0.414628,0.685078,0.135078
739,3.63083,0.185078,3.39894,-0.85833,0.685078,0.135078
740,3.39894,0.185078,3.09233,-1.13495,0.685078,0.135078
741,3.09233,0.185078,2.98378,-0.401799,0.685078,0.135078
742,2.98378,0.185078,2.88303,-0.372913,0.685078,0.135078
743,2.88303,0.185078,3.07426,0.707838,0.685078,0.135078
744,3.07426,0.185078,2.91027,-0.60703,0.685078,0.135078
745,2.91027,0.185078,2.86961,-0.150491,0.685078,0.135078
746,2.86961,0.185078,2.74994,-0.44299,0.685078,0.135078
747,2.74994,0.185078,2.80602,0.207589,0.685078,0.135078
748,2.80602,0.185078,2.80206,-0.0146657,0.685078,0.135078
749,2.80206,0.185078,3.0137,0.783421,0.685078,0.135078
750,3.0137,0.185078,2.84736,-0.615731,0.685078,0.135078
751,2.84736,0.185078,2.97012,0.454422,0.685078,0.135078
752,2.97012,0.185078,3.12209,0.562508,0.685078,0.135078
753,3.12209,0.185078,3.07234,-0.184125,0.685078,0.135078
754,3.07234,0.185078,3.42909,1.32052,0.685078,0.135078
755,3.42909,0.185078,3.16364,-0.982575,0.685078,0.135078
756,3.16364,0.185078,2.86373,-1.11016,0.685078,0.135078
757,2.86373,0.185078,2.80291,-0.225103,0.685078,0.135078
758,2.80291,0.185078,2.98194,0.662686,0.685078,0.135078
759,2.98194,0.185078,2.85826,-0.45782,0.685078,0.135078
760,2.85826,0.185078,3.11703,0.957859,0.685078,0.135078
761,3.11703,0.185078,2.95604,-0.595915,0.685078,0.135078
762,2.95604,0.185078,2.82386,-0.489269,0.685078,0.135078
763,2.82386,0.185078,2.69812,-0.465424,0.685078,0.135078
764,2.69812,0.185078,2.84119,0.529578,0.685078,0.135078
765,2.84119,0.185078,2.73777,-0.38284,0.685078,0.135078
766,2.73777,0.185078,2.67829,-0.22016,0.685078,0.135078
767,2.67829,0.185078,2.51236,-0.614194,0.685078,0.135078
768,2.51236,0.185078,2.4968,-0.0576107,0.685078,0.135078
769,2.4968,0.185078,2.63414,0.508397,0.685078,0.135078
770,2.63414,0.185078,2.64386,0.0359542,0.685078,0.135078
771,2.64386,0.185078,3.07449,1.594,0.685078,0.135078
772,3.07449,0.185078,2.87193,-0.749769,0.685078,0.135078
773,2.87193,0.185078,2.63748,-0.867834,0.685078,0.135078
774,2.63748,0.185078,2.82155,0.681356,0.685078,0.135078
775,2.82155,0.185078,2.8459,0.0901225,0.685078,0.135078
776,2.8459,0.185078,3.04352,0.731505,0.685078,0.135078
777,3.04352,0.185078,3.0131,-0.112595,0.685078,0.135078
778,3.0131,0.185078,3.15414,0.522068,0.685078,0.135078
779,3.15414,0.185078,3.45995,1.13197,0.685078,0.135078
780,3.45995,0.185078,3.14501,-1.16578,0.685078,0.135078
781,3.14501,0.185078,3.2507,0.391232,0.685078,0.135078
782,3.2507,0.185078,3.52114,1.00106,0.685078,0.135078
783,3.52114,0.185078,3.85293,1.22814,0.685078,0.135078
784,3.85293,0.185078,4.01638,0.605005,0.685078,0.135078
785,4.01638,0.185078,4.22372,0.76748,0.685078,0.135078
786,4.22372,0.185078,4.6601,1.61529,0.685078,0.135078
787,4.6601,0.185078,4.76134,0.374755,0.685078,0.135078
788,4.76134,0.185078,5.0779,1.17175,0.685078,0.135078
789,5.0779,0.185078,5.26087,0.677293,0.685078,0.135078
790,5.26087,0.185078,5.17622,-0.313362,0.685078,0.135078
791,5.17622,0.185078,5.01805,-0.585442,0.685078,0.135078
792,5.01805,0.185078,4.8833,-0.49879,0.685078,0.135078
793,4.8833,0.185078,4.65631,-0.840243,0.685078,0.135078
794,4.65631,0.185078,4.93536,1.03295,0.685078,0.135078
795,4.93536,0.185078,4.69759,-0.880149,0.685078,0.135078
796,4.69759,0.185078,4.58526,-0.415793,0.685078,0.135078
797,4.58526,0.185078,4.49992,-0.315899,0.685078,0.135078
798,4.49992,0.185078,4.90079,1.48386,0.685078,0.135078
799,4.90079,0.185078,4.82672,-0.274157,0.685078,0.135078
800,4.82672,0.185078,4.94774,0.447952,0.685078,0.135078
801,4.94774,0.185078,5.15109,0.752714,0.685078,0.135078
802,5.15109,0.185078,5.53667,1.42726,0.685078,0.135078
803,5.53667,0.185078,5.60586,0.256102,0.685078,0.135078
804,5.60586,0.185078,5.5267,-0.293004,0.685078,0.135078
805,5.5267,0.185078,5.39384,-0.491796,0.685078,0.135078
806,5.39384,0.185078,5.09016,-1.12411,0.685078,0.135078
807,5.09016,0.185078,4.67253,-1.54588,0.685078,0.135078
808,4.67253,0.185078,4.3419,-1.22386,0.685078,0.135078
809,4.3419,0.185078,4.20875,-0.492858,0.685078,0.135078
810,4.20875,0.185078,4.12802,-0.2988,0.685078,0.135078
811,4.12802,0.185078,4.40852,1.03826,0.685078,0.135078
812,4.40852,0.185078,4.71213,1.12383,0.685078,0.135078
813,4.71213,0.185078,4.69648,-0.0579208,0.685078,0.135078
814,4.69648,0.185078,4.52632,-0.629857,0.685078,0.135078
815,4.52632,0.185078,4.67704,0.557908,0.685078,0.135078
816,4.67704,0.185078,4.47989,-0.729767,0.685078,0.135078
817,4.47989,0.185078,4.53444,0.201924,0.685078,0.135078
818,4.53444,0.185078,4.7085,0.644309,0.685078,0.135078
819,4.7085,0.185078,5.20009,1.81964,0.685078,0.135078
820,5.20009,0.185078,4.88778,-1.15603,0.685078,0.135078
821,4.88778,0.185078,4.91168,0.0884493,0.685078,0.135078
822,4.91168,0.185078,5.07208,0.59375,0.685078,0.135078
823,5.07208,0.185078,4.87041,-0.746489,0.685078,0.135078
824,4.87041,0.185078,5.29306,1.56447,0.685078,0.135078
825,5.29306,0.185078,5.48153,0.697615,0.685078,0.135078
826,5.48153,0.185078,5.54319,0.228231,0.685078,0.135078
827,5.54319,0.185078,5.79102,0.917356,0.685078,0.135078
828,5.79102,0.185078,5.36942,-1.56055,0.685078,0.135078
829,5.36942,0.185078,5.06448,-1.12875,0.685078,0.135078
830,5.06448,0.185078,4.76239,-1.11822,0.685078,0.135078
831,4.76239,0.185078,5.06884,1.13435,0.685078,0.135078
832,5.06884,0.185078,5.1929,0.459195,0.685078,0.135078
833,5.1929,0.185078,4.96117,-0.857745,0.685078,0.135078
834,4.96117,0.185078,5.2461,1.05468,0.685078,0.135078
835,5.2461,0.185078,4.92951,-1.17185,0.685078,0.135078
836,4.92951,0.185078,5.13786,0.771207,0.685078,0.135078
837,5.13786,0.185078,4.88079,-0.951574,0.685078,0.135078
838,4.88079,0.185078,4.82399,-0.210231,0.685078,0.135078
839,4.82399,0.185078,4.56909,-0.943543,0.685078,0.135078
840,4.56909,0.185078,4.75595,0.691694,0.685078,0.135078
841,4.75595,0.185078,4.90676,0.558224,0.685078,0.135078
842,4.90676,0.185078,4.85293,-0.199252,0.685078,0.135078
843,4.85293,0.185078,4.81696,-0.133158,0.685078,0.135078
844,4.81696,0.185078,4.64074,-0.652267,0.685078,0.135078
845,4.64074,0.185078,4.76226,0.449792,0.685078,0.135078
846,4.76226,0.185078,4.92797,0.613383,0.685078,0.135078
847,4.92797,0.185078,4.69238,-0.872047,0.685078,0.135078
848,4.69238,0.185078,4.94668,0.941328,0.685078,0.135078
849,4.94668,0.185078,5.4374,1.81642,0.685078,0.135078
850,5.4374,0.185078,5.28741,-0.55521,0.685078,0.135078
851,5.28741,0.185078,5.70315,1.53889,0.685078,0.135078
852,5.70315,0.185078,5.402,-1.11472,0.685078,0.135078
853,5.402,0.185078,5.78718,1.42578,0.685078,0.135078
854,5.78718,0.185078,5.89876,0.413018,0.685078,0.135078
855,5.89876,0.185078,5.73034,-0.623416,0.685078,0.135078
856,5.73034,0.185078,5.74564,0.0566326,0.685078,0.135078
857,5.74564,0.185078,5.35894,-1.4314,0.685078,0.135078
858,5.35894,0.185078,5.34125,-0.065474,0.685078,0.135078
859,5.34125,0.185078,5.06562,-1.02026,0.685078,0.135078
860,5.06562,0.185078,5.26542,0.739557,0.685078,0.135078
861,5.26542,0.185078,5.06171,-0.754041,0.685078,0.135078
862,5.06171,0.185078,4.99018,-0.264785,0.685078,0.135078
863,4.99018,0.185078,5.04877,0.216904,0.685078,0.135078
864,5.04877,0.185078,5.14195,0.344912,0.685078,0.135078
865,5.14195,0.185078,4.70595,-1.61389,0.685078,0.135078
866,4.70595,0.185078,4.9045,0.734951,0.685078,0.135078
867,4.9045,0.185078,5.04745,0.529109,0.685078,0.135078
868,5.04745,0.185078,4.95537,-0.340829,0.685078,0.135078
869,4.95537,0.185078,4.99007,0.12844,0.685078,0.135078
870,4.99007,0.185078,5.14907,0.588563,0.685078,0.135078
871,5.14907,0.185078,5.40991,0.965527,0.685078,0.135078
872,5.40991,0.185078,5.54425,0.497245,0.685078,0.135078
873,5.54425,0.185078,5.88348,1.25567,0.685078,0.135078
874,5.88348,0.185078,6.00741,0.458746,0.685078,0.135078
875,6.00741,0.185078,5.51068,-1.83866,0.685078,0.135078
876,5.51068,0.185078,5.65418,0.531169,0.685078,0.135078
877,5.65418,0.185078,5.89259,0.882479,0.685078,0.135078
878,5.89259,0.185078,5.63249,-0.96277,0.685078,0.135078
879,5.63249,0.185078,5.59318,-0.145527,0.685078,0.135078
880,5.59318,0.185078,5.6536,0.223668,0.685078,0.135078
881,5.6536,0.185078,6.06229,1.5128,0.685078,0.135078
882,6.06229,0.185078,6.18902,0.469086,0.685078,0.135078
883,6.18902,0.185078,6.02584,-0.604034,0.685078,0.135078
884,6.02584,0.185078,6.58907,2.08486,0.685078,0.135078
885,6.58907,0.185078,6.30509,-1.05118,0.685078,0.135078
886,6.30509,0.185078,6.43943,0.497252,0.685078,0.135078
887,6.43943,0.185078,6.57382,0.497458,0.685078,0.135078
888,6.57382,0.185078,6.49526,-0.290784,0.685078,0.135078
889,6.49526,0.185078,6.55465,0.219841,0.685078,0.135078
890,6.55465,0.185078,6.49746,-0.211688,0.685078,0.135078
891,6.49746,0.185078,6.60628,0.402798,0.685078,0.135078
892,6.60628,0.185078,6.58438,-0.0810541,0.685078,0.135078
893,6.58438,0.185078,6.50594,-0.290349,0.685078,0.135078
894,6.50594,0.185078,6.62944,0.457136,0.685078,0.135078
895,6.62944,0.185078,6.47459,-0.573182,0.685078,0.135078
896,6.47459,0.185078,6.38471,-0.332728,0.685078,0.135078
897,6.38471,0.185078,6.37797,-0.0249146,0.685078,0.135078
898,6.37797,0.185078,6.18903,-0.699405,0.685078,0.135078
899,6.18903,0.185078,6.48064,1.07944,0.685078,0.135078
900,6.48064,0.185078,5.89972,-2.15033,0.685078,0.135078
901,5.89972,0.185078,5.9628,0.23352,0.685078,0.135078
902,5.9628,0.185078,6.35103,1.43705,0.685078,0.135078
903,6.35103,0.185078,6.3333,-0.0656279,0.685078,0.135078
904,6.3333,0.185078,6.84927,1.9099,0.685078,0.135078
905,6.84927,0.185078,6.83908,-0.0377191,0.685078,0.135078
906,6.83908,0.185078,7.29726,1.69597,0.685078,0.135078
907,7.29726,0.185078,6.885,-1.52601,0.685078,0.135078
908,6.885,0.185078,6.65014,-0.869357,0.685078,0.135078
909,6.65014,0.185078,6.72506,0.277319,0.685078,0.135078
910,6.72506,0.185078,6.99486,0.998681,0.685078,0.135078
911,6.99486,0.185078,6.95023,-0.165174,0.685078,0.135078
912,6.95023,0.185078,6.68,-1.00031,0.685078,0.135078
913,6.68,0.185078,6.66314,-0.0623947,0.685078,0.135078
914,6.66314,0.185078,6.8063,0.529927,0.685078,0.135078
915,6.8063,0.185078,6.87398,0.250502,0.685078,0.135078
916,6.87398,0.185078,6.75856,-0.427205,0.685078,0.135078
917,6.75856,0.185078,6.79123,0.120911,0.685078,0.135078
918,6.79123,0.185078,7.29092,1.84963,0.685078,0.135078
919,7.29092,0.185078,7.16639,-0.460966,0.685078,0.135078
920,7.16639,0.185078,7.37183,0.760452,0.685078,0.135078
921,7.37183,0.185078,7.45664,0.313948,0.685078,0.135078
922,7.45664,0.185078,7.35905,-0.361247,0.685078,0.135078
923,7.35905,0.185078,6.92924,-1.59097,0.685078,0.135078
924,6.92924,0.185078,7.06237,0.492788,0.685078,0.135078
925,7.06237,0.185078,7.24719,0.684139,0.685078,0.135078
926,7.24719,0.185078,7.27716,0.110917,0.685078,0.135078
927,7.27716,0.185078,7.11765,-0.590433,0.685078,0.135078
928,7.11765,0.185078,7.16129,0.161555,0.685078,0.135078
929,7.16129,0.185078,7.35622,0.721545,0.685078,0.135078
930,7.35622,0.185078,7.26766,-0.32782,0.685078,0.135078
931,7.26766,0.185078,7.26936,0.00629421,0.685078,0.135078
932,7.26936,0.185078,7.44302,0.642821,0.685078,0.135078
933,7.44302,0.185078,7.58249,0.516268,0.685078,0.135078
934,7.58249,0.185078,7.28254,-1.1103,0.685078,0.135078
935,7.28254,0.185078,7.26988,-0.0468609,0.685078,0.135078
936,7.26988,0.185078,7.49411,0.830006,0.685078,0.135078
937,7.49411,0.185078,7.40655,-0.324106,0.685078,0.135078
938,7.40655,0.185078,7.24081,-0.613515,0.685078,0.135078
939,7.24081,0.185078,7.37837,0.509205,0.685078,0.135078
940,7.37837,0.185078,7.57866,0.741362,0.685078,0.135078
941,7.57866,0.185078,7.34328,-0.871268,0.685078,0.135078
942,7.34328,0.185078,7.34815,0.0180443,0.685078,0.135078
943,7.34815,0.185078,7.5128,0.609456,0.685078,0.135078
944,7.5128,0.185078,7.25754,-0.944853,0.685078,0.135078
945,7.25754,0.185078,7.5069,0.923021,0.685078,0.135078
946,7.5069,0.185078,7.44904,-0.214192,0.685078,0.135078
947,7.44904,0.185078,7.12393,-1.20341,0.685078,0.135078
948,7.12393,0.185078,7.24032,0.43082,0.685078,0.135078
949,7.24032,0.185078,7.15851,-0.302822,0.685078,0.135078
950,7.15851,0.185078,7.39459,0.873859,0.685078,0.135078
951,7.39459,0.185078,7.19838,-0.726287,0.685078,0.135078
952,7.19838,0.185078,7.07401,-0.460366,0.685078,0.135078
953,7.07401,0.185078,7.54835,1.75581,0.685078,0.135078
954,7.54835,0.185078,7.69894,0.557416,0.685078,0.135078
955,7.69894,0.185078,7.4633,-0.872228,0.685078,0.135078
956,7.4633,0.185078,7.4405,-0.084385,0.685078,0.135078
957,7.4405,0.185078,7.43064,-0.0365203,0.685078,0.135078
958,7.43064,0.185078,7.47867,0.177802,0.685078,0.135078
959,7.47867,0.185078,7.39882,-0.295586,0.685078,0.135078
960,7.39882,0.185078,7.29531,-0.383156,0.685078,0.135078
961,7.29531,0.185078,6.93032,-1.35103,0.685078,0.135078
962,6.93032,0.185078,6.89043,-0.147628,0.685078,0.135078
963,6.89043,0.185078,6.72259,-0.621273,0.685078,0.135078
964,6.72259,0.185078,6.83323,0.409548,0.685078,0.135078
965,6.83323,0.185078,6.58825,-0.906815,0.685078,0.135078
966,6.58825,0.185078,6.803,0.794905,0.685078,0.135078
967,6.803,0.185078,6.31461,-1.80781,0.685078,0.135078
968,6.31461,0.185078,6.32831,0.0506932,0.685078,0.135078
969,6.32831,0.185078,6.43432,0.392433,0.685078,0.135078
970,6.43432,0.185078,6.47296,0.143027,0.685078,0.135078
971,6.47296,0.185078,6.27179,-0.744642,0.685078,0.135078
972,6.27179,0.185078,6.39636,0.461103,0.685078,0.135078
973,6.39636,0.185078,6.18428,-0.785055,0.685078,0.135078
974,6.18428,0.185078,6.18661,0.00865248,0.685078,0.135078
975,6.18661,0.185078,6.12168,-0.24034,0.685078,0.135078
976,6.12168,0.185078,6.31913,0.730864,0.685078,0.135078
977,6.31913,0.185078,6.38263,0.235039,0.685078,0.135078
978,6.38263,0.185078,6.41416,0.116705,0.685078,0.135078
979,6.41416,0.185078,6.62824,0.792428,0.685078,0.135078
980,6.62824,0.185078,6.7807,0.564364,0.685078,0.135078
981,6.7807,0.185078,6.5668,-0.791786,0.685078,0.135078
982,6.5668,0.185078,6.58925,0.0831119,0.685078,0.135078
983,6.58925,0.185078,6.38115,-0.77029,0.685078,0.135078
984,6.38115,0.185078,6.38831,0.0264979,0.685078,0.135078
985,6.38831,0.185078,6.09067,-1.10172,0.685078,0.135078
986,6.09067,0.185078,6.21558,0.462362,0.685078,0.135078
987,6.21558,0.185078,6.41992,0.756376,0.685078,0.135078
988,6.41992,0.185078,6.38506,-0.129061,0.685078,0.135078
989,6.38506,0.185078,6.81218,1.581,0.685078,0.135078
990,6.81218,0.185078,6.55075,-0.967668,0.685078,0.135078
991,6.55075,0.185078,6.80612,0.945256,0.685078,0.135078
992,6.80612,0.185078,6.44064,-1.35285,0.685078,0.135078
993,6.44064,0.185078,6.51028,0.257772,0.685078,0.135078
994,6.51028,0.185078,6.34609,-0.607742,0.685078,0.135078
995,6.34609,0.185078,6.33455,-0.0427448,0.685078,0.135078
996,6.33455,0.185078,5.93823,-1.467,0.685078,0.135078
997,5.93823,0.185078,6.30029,1.34019,0.685078,0.135078
998,6.30029,0.185078,6.35464,0.20118,0.685078,0.135078
999,6.35464,0.185078,6.17344,-0.670718,0.685078,0.135078
